"image","xmin","ymin","xmax","ymax","label"
"psoriasis%20(201).jpg",112.42324711836268,2.7552940606245944,693.061310872701,392.76913269993344,"psoriasis"
"melanoma%20(1).jpg",102.96136503372409,103.36271499375165,434.79622840701586,300.65424980551506,"melanoma"
"psoriasis%20(200).jpg",109.50702905342081,9.386003672281902,551.5062645980993,312.1446593221029,"psoriasis"
"psoriasis%20(195).jpg",84.72930276804956,86.74124546374304,223.1017266635237,202.61696430788203,"psoriasis"
"psoriasis%20(195).jpg",120.15000757677801,210.8938004660741,208.86723380253233,289.35819714217536,"psoriasis"
"psoriasis%20(195).jpg",24.149994948814655,233.07571126646914,59.90171656115302,290.02033393127095,"psoriasis"
"psoriasis%20(195).jpg",254.88103195716593,249.96045197740114,281.3637905778556,291.6757011629094,"psoriasis"
"psoriasis%20(195).jpg",252.56380068022628,138.05762964453402,281.6948452653556,223.80564466573423,"psoriasis"
"psoriasis%20(197).jpg",52.830725056653726,82.51975668352202,313.2407174137869,335,"psoriasis"
"psoriasis%20(234).jpg",194.83574080419825,56.056502390716034,434.88344408645787,207.8192194706976,"psoriasis"
"psoriasis%20(234).jpg",341.8735141640392,120.31638678857836,679.7184550169685,322.6666718822415,"psoriasis"
"psoriasis%20(234).jpg",391.11404995321044,295.3220391138799,499.24453280318096,446.401150805802,"psoriasis"
"psoriasis%20(234).jpg",220.13992097221362,285.06780182574425,283.0584152555371,410.85309691348317,"psoriasis"
"psoriasis%20(224).jpg",40.27415074309979,181.6949187025512,202.0202022479598,351.6384318723517,"psoriasis"
"psoriasis%20(224).jpg",5.485170400826035,0.4519791252868997,256.23676275751393,108.02260576668432,"psoriasis"
"psoriasis%20(224).jpg",21.298333882779325,111.18645102290785,233.64652921186638,178.5310734463277,"psoriasis"
"psoriasis%20(209).jpg",222.50291880111246,157.1751481395657,371.29045006824515,378.1921041887359,"psoriasis"
"psoriasis%20(209).jpg",46.807019269024885,119.77401129943503,107.40741603323357,230.05650407176907,"psoriasis"
"psoriasis%20(209).jpg",20.124768411439295,249.03954112597106,73.03703531187179,354.35028938250355,"psoriasis"
"psoriasis%20(209).jpg",149.9181269298055,53.78530901030632,201.47370663767435,117.0621537892832,"psoriasis"
"psoriasis%20(209).jpg",144.03898807994105,150.50847112795728,218.20663630613805,259.4350351452154,"psoriasis"
"psoriasis%20(209).jpg",472.81870137413574,86.32768533997617,537.0370801661679,304.6327752582098,"psoriasis"
"psoriasis%20(209).jpg",326.29241318730584,35.25424246060646,383.72709724173444,112.09039203191207,"psoriasis"
"psoriasis%20(209).jpg",152.17933550680357,299.6610307424082,437.9961030896876,396.3842014808439,"psoriasis"
"psoriasis%20(209).jpg",481.8635356821279,310.9604657706568,576.3820956046121,393.672309487553,"psoriasis"
"psoriasis%20(209).jpg",66.70566164726867,66.44068141441561,118.71345891822384,110.73446327683615,"psoriasis"
"psoriasis%20(209).jpg",16.506820886920533,361.1299503994527,48.61599303128426,394.12431447519424,"psoriasis"
"psoriasis%20(233).jpg",152.42630597014926,146.99660634186307,291.08900018948225,202.43390978797007,"psoriasis"
"psoriasis%20(233).jpg",135.3755711797458,89.05084745762711,278.0502018715019,145.9932318218684,"psoriasis"
"psoriasis%20(233).jpg",52.629292957818336,175.59322033898306,169.22631744840254,221.49831274000266,"psoriasis"
"psoriasis%20(233).jpg",218.12183983646224,65.22033898305085,258.4919852641092,88.04746336856131,"psoriasis"
"psoriasis%20(220).jpg",121.30435676791049,74.67656798281911,564.9149338374292,287.80367231638417,"psoriasis"
"psoriasis%20(220).jpg",22.957005059110646,7.033898305084746,206.73016553565103,130.36157834327827,"psoriasis"
"psoriasis%20(220).jpg",216.5751489303964,292.1412572483558,547.554347826087,391.55367231638417,"psoriasis"
"melanoma%20(100).jpg",158.72236092137706,17.902827871721342,211.66687370580203,61.87005649717514,"melanoma"
"melanoma%20(105).jpg",163.18107300376712,95.84737838878576,232.9332662652113,169.86254562511388,"melanoma"
"melanoma%20(101).jpg",70.50835020414915,87.57740852657685,275.27124448276174,217.16611648818193,"melanoma"
"melanoma%20(104).jpg",345.2941182931115,195.0289020151332,659.1640112464854,438.79472179689276,"melanoma"
"melanoma%20(102).jpg",758.2372881355932,614.4000264830509,1362.2237817796608,1011.8509004237288,"melanoma"
"melanoma%20(107).jpg",209.92504573918552,105.17094482247985,414.12370390387036,310.51338752246653,"melanoma"
"melanoma%20(108).jpg",466.4479850046861,158.9148367133022,587.1602624179944,275.9806178321523,"melanoma"
"melanoma%20(109).jpg",492.5638259068635,331.6508650698904,521.0457109637099,368.58645241947494,"melanoma"
"melanoma%20(103).jpg",354.661803422842,201.3559438414493,427.9299129478619,263.89831284345206,"melanoma"
"melanoma%20(106).jpg",149.59324844775068,125.35982375023427,372.24369581771316,334.0554942255435,"melanoma"
"melanoma%20(114).jpg",332.14620431115276,138.97500228881836,420.3186778789831,190.57499313354492,"melanoma"
"melanoma%20(114).jpg",379.53140559102627,217.57499313354492,478.5004777559747,281.77502059936523,"melanoma"
"melanoma%20(114).jpg",357.3383592285614,306.97500228881836,518.0880974695408,445.5749931335449,"melanoma"
"melanoma%20(114).jpg",674.6392118673853,272.1750068664551,767.6101584465792,340.5749931335449,"melanoma"
"melanoma%20(114).jpg",88.62231468193534,95.17500686645508,431.11527647610126,150.3749885559082,"melanoma"
"melanoma%20(112).jpg",323.6725663716814,478.46556509416655,437.6548294472483,617.2949057972364,"melanoma"
"melanoma%20(110).jpg",219.49152542372883,141.4689231053584,407.5141173971575,270.2824996689619,"melanoma"
"melanoma%20(111).jpg",195.25224357310714,137.972885088732,438.86463886594726,340.03954802259886,"melanoma"
"melanoma%20(113).jpg",208.64479300902062,109.13422103476735,279.1827718632849,176.7920353982301,"melanoma"
"melanoma%20(117).jpg",139.63418079096044,188.090395480226,291.024011299435,292.687019649872,"melanoma"
"melanoma%20(116).jpg",166.23993577751583,67.51652653804611,329.39643323589064,223.26204309261254,"melanoma"
"melanoma%20(115).jpg",532.4086497627695,66.33427652080408,658.369287063613,194.873595505618,"melanoma"
"melanoma%20(119).jpg",173.60636831782304,83.87981121356671,234.77975632614806,146.64903494027945,"melanoma"
"melanoma%20(118).jpg",170.22492970946578,81.41826336200421,234.77975632614806,163.57211186335638,"melanoma"
"melanoma%20(63).jpg",142.49746963562754,362.6666666666667,373.75254766178523,562.1333592732748,"melanoma"
"melanoma%20(63).jpg",526.7889849087487,293.5333506266276,674.1574059613803,472.60000864664715,"melanoma"
"melanoma%20(63).jpg",54.07646889628669,9.066668828328451,186.7080132488297,117.8666623433431,"melanoma"
"melanoma%20(122).jpg",86.61017983646717,30.734468449307027,222.65538792152188,143.276839606506,"melanoma"
"melanoma%20(122).jpg",393.05085435425497,16.27118816483492,512.8249001368291,159.54801915055614,"melanoma"
"melanoma%20(122).jpg",59.94350627317267,233.22034932799258,252.93786000397245,353.8983188780014,"melanoma"
"melanoma%20(122).jpg",405.2542303915078,240.45199809101342,509.66100315589694,350.28248587570624,"melanoma"
"melanoma%20(120).jpg",97.67760544037752,39.57211421086238,287.653247436409,181.41827509953424,"melanoma"
"melanoma%20(121).jpg",287.6039797201196,128.92655367231637,381.93094505215083,215.1231694625596,"melanoma"
"melanoma%20(123).jpg",80.2113920752682,41.13898209394035,239.68601511485542,184.87458775407177,"melanoma"
"melanoma%20(64).jpg",301.2045206286244,172.07666666666668,330.5668375574772,216.35933700561526,"melanoma"
"melanoma%20(68).jpg",196.14522173888702,120.37967099981793,383.2279351600131,269.5457760223561,"melanoma"
"melanoma%20(65).jpg",30.0000143894278,182.09605599527305,1119.1945853542486,704.7966533596234,"melanoma"
"melanoma%20(66).jpg",76.70585106382978,165.41808564784168,186.94246644365026,253.8700564971752,"melanoma"
"melanoma%20(67).jpg",313.1038277836169,192.9661088070627,754.0360596220372,701.0169918254271,"melanoma"
"melanoma%20(70).jpg",173.81197183098593,206.84972756595934,387.6711267605634,418.31073446327684,"melanoma"
"melanoma%20(71).jpg",340.9717434813074,122.60000528454107,633.4312855636108,477.239558591681,"melanoma"
"melanoma%20(72).jpg",157.22035553495763,60.7457668498411,491.86440677966095,413.28816042108053,"melanoma"
"melanoma%20(69).jpg",104.71901408450704,205.53220841574804,415.96635810959503,416.33449343234133,"melanoma"
"melanoma%20(73).jpg",357.43300290451833,126.26790289735315,742.7938276467863,555.3782707903297,"melanoma"
"melanoma%20(76).jpg",120.22245374776548,79.83051235392942,168.01907167596332,149.4915331824351,"melanoma"
"melanoma%20(77).jpg",344.69242514241154,205.4444603983561,383.12690610447663,248.20978134155274,"melanoma"
"melanoma%20(78).jpg",129.14964994165695,95.55706856075653,155.1939992114571,118.53559108238436,"melanoma"
"melanoma%20(75).JPG",475.2371401728708,412.38394151366316,595.4170571696345,519.2542325091619,"melanoma"
"melanoma%20(74).JPG",70.93376865671642,79.51864598161083,158.4442202439949,149.75594368627515,"melanoma"
"melanoma%20(81).jpg",120.15099804549567,102.5819209039548,154.1408238815049,141.16497876011044,"melanoma"
"melanoma%20(79).jpg",273.73233259454526,194.29153002722788,486.6635479868638,380.13559322033893,"melanoma"
"melanoma%20(83).jpg",127.7401164426642,30.734468449307027,195.9887143582274,142.3728813559322,"melanoma"
"melanoma%20(83).jpg",393.27685684807557,28.8135593220339,513.5028386520128,167.11865441273835,"melanoma"
"melanoma%20(83).jpg",400.28248587570624,250.84745762711864,504.6892931232345,348.92657436219986,"melanoma"
"melanoma%20(83).jpg",67.17513779462394,240.45199809101342,233.9548229497705,360.67797989495057,"melanoma"
"melanoma%20(80).jpg",286.80413629590845,308.0431978529778,617.5257731958761,526.8026181428329,"melanoma"
"melanoma%20(82).jpg",125.93996840442335,124.18757370770984,176.93522906793046,185.06779661016947,"melanoma"
"melanoma%20(88).jpg",258.4974509162679,173.8983089640989,364.3291301689969,279.66101694915255,"melanoma"
"melanoma%20(87).jpg",91.1115239866448,63.09375228881836,205.79569250820055,128.3737449645996,"melanoma"
"melanoma%20(84).jpg",234.34583483394775,123.13053502445727,667.9653341477456,502.5995642738005,"melanoma"
"melanoma%20(85).jpg",125.3140177369804,116.96610747084105,372.4763948876203,275.57063302077813,"melanoma"
"melanoma%20(86).jpg",194.58004172063377,104.85311023259567,243.02842179369787,143.463282612084,"melanoma"
"melanoma%20(92).jpg",48.344895882146204,86.1,151.51265595712275,243.05999450683592,"melanoma"
"melanoma%20(92).jpg",433.6644798500468,109.74000549316406,555.0665563495781,239.82001647949218,"melanoma"
"melanoma%20(90).jpg",161.08384082450377,170.96610169491524,253.44894736621515,243.34916609424653,"melanoma"
"melanoma%20(91).jpg",578.3235967356688,514.2034097445213,676.1579916401274,593.8135593220339,"melanoma"
"melanoma%20(89).jpg",176.82116393044575,118.0135566582114,234.74918477797846,149.08813825704283,"melanoma"
"melanoma%20(93).jpg",46.52542372881356,76.06779971365201,139.67797230865995,212.7457596083819,"melanoma"
"melanoma%20(97).jpg",197.2295792006714,129.45763000660696,240.3789131911382,188.88701142564332,"melanoma"
"melanoma%20(94).jpg",190.03801872268062,148.00565838140284,244.92093618909138,210.4632710602324,"melanoma"
"melanoma%20(98).JPG",49.04592555152443,57.80040018919964,174.69165405159032,192.55813132456947,"melanoma"
"melanoma%20(95).jpg",96.5007871073016,150.96498082047802,325.9700378288382,359.5819209039548,"melanoma"
"melanoma%20(96).jpg",449.95256591337096,301.754819923875,614.2553554613935,476.17065679690256,"melanoma"
"melanoma%20(99).jpg",269.98305084745766,167.3491490250927,367.7186651714778,266.46781067929027,"melanoma"
"Psoriasis%20(1).jpg",206.52295356614633,331.8958678649352,1005.3233524740804,627.8180380331503,"psoriasis"
"psoriasis%20(13).jpeg",76.92596063730085,61.447506066524625,794.9015932521087,1062.1818181818182,"psoriasis"
"psoriasis%20(13).jpeg",815.415182755389,365.2212277807371,1955.9708843427836,1945.6656722251817,"psoriasis"
"psoriasis%20(13).jpeg",2198.0313030839975,730.5707853683318,3921.1728213595366,2060.607211642795,"psoriasis"
"psoriasis%20(13).jpeg",4040.1513900685336,1921.0354318329782,4552.991440663074,2655.8395348751183,"psoriasis"
"psoriasis%20(13).jpeg",3194.991565135895,1896.405191440775,4134.514340001172,2836.4618197354403,"psoriasis"
"psoriasis%20(13).jpeg",1844.1718841524134,759.4343434343434,2250.340705907334,2032,"psoriasis"
"psoriasis%20(183).jpg",137.59433098559109,206.815830726408,400.2358346615198,343.4350282485875,"psoriasis"
"psoriasis%20(183).jpg",12.311323633733785,341.92541797012933,278.7264122153228,602.3322264245675,"psoriasis"
"psoriasis%20(183).jpg",383.63208410874853,535.1548137772554,564.0094541153818,661.2067681436484,"psoriasis"
"psoriasis%20(183).jpg",650.8019069455705,542.7028363761256,841.74532620412,650.6395825747043,"psoriasis"
"psoriasis%20(183).jpg",750.42452542287,364.5694857667395,928.5377790343088,582.7073791848737,"psoriasis"
"psoriasis%20(183).jpg",71.17924240400207,44.53333045399121,223.63207835071495,169.83050847457628,"psoriasis"
"psoriasis%20(183).jpg",271.9339478690669,129.07118932002007,363.2547486503169,187.19095469329315,"psoriasis"
"psoriasis%20(183).jpg",367.78303902104216,347.9638590839623,421.36793316535227,541.1932548910884,"psoriasis"
"psoriasis%20(12).jpg",986.5220636917373,843.4983944650425,2091.661016949153,1714.332262976695,"psoriasis"
"psoriasis%20(12).jpg",2122.901814088983,1222.2914956302966,4665.112221927966,2897.5730601165255,"psoriasis"
"psoriasis%20(12).jpg",2560.2711864406783,722.4406779661017,4801.790188029661,1304.2983646716102,"psoriasis"
"psoriasis%20(12).jpg",1641.5999404131358,1425.35593220339,2278.1288731461864,2382.1016949152545,"psoriasis"
"psoriasis%20(186).jpg",0.4080748603806157,1.1355939423297086,152.56622791839425,272.1638475838354,"psoriasis"
"psoriasis%20(186).jpg",109.79540547024952,292.2260060283424,237.72937571110054,334.6214747024795,"psoriasis"
"psoriasis%20(188).jpg",172.68417058084876,86.03364797738882,264.90535146182344,164.80288578913763,"psoriasis"
"psoriasis%20(188).jpg",93.06654639632879,4.187498826246995,293.18650421743206,90.03365736741286,"psoriasis"
"psoriasis%20(188).jpg",349.134011237333,130.34134498009317,409.99999999999994,201.4182750995343,"psoriasis"
"psoriasis%20(188).jpg",93.37394564198688,158.0336644099309,277.5089081582782,225.7259721022386,"psoriasis"
"psoriasis%20(188).jpg",4.9953139643861295,120.38461538461539,53.949388470064285,169.34134263258716,"psoriasis"
"psoriasis%20(188).jpg",272.8978491142294,102.95672490046574,303.0234442499048,142.9567366379958,"psoriasis"
"psoriasis%20(185).jpg",1.5435806098689044,2.271187884659417,133.26258686087638,102.96045486536403,"psoriasis"
"psoriasis%20(185).jpg",0,96.9039634661486,146.1316905250476,264.21470081738835,"psoriasis"
"psoriasis%20(185).jpg",109.03839682434433,293.361581920904,244.54243908550825,335,"psoriasis"
"psoriasis%20(185).jpg",146.4155561333654,254.27826013942223,200.16298228902684,292.5098927815755,"psoriasis"
"psoriasis%20(184).jpg",118.37969885006338,364.59887005649716,238.34225735240346,438.40790281996215,"psoriasis"
"psoriasis%20(184).jpg",234.78786541110082,209.86668702033953,369.85679305101894,322.80338304595085,"psoriasis"
"psoriasis%20(187).jpg",563.8183790303892,594.4745762711864,1076.1076213024878,1137.1231405829305,"psoriasis"
"psoriasis%20(187).jpg",789.4696496650997,346.01470089497536,876.3758178251162,390.219243927864,"psoriasis"
"psoriasis%20(187).jpg",1236.198016782714,940.4893353133551,1361.2210620944784,1013.6553672316384,"psoriasis"
"psoriasis%20(189).jpg",205.4237150203037,377.8531349311441,567.0056359242585,918.4180653027895,"psoriasis"
"psoriasis%20(189).jpg",1698.757089733404,562.2599283854166,2119.9999448269773,1111.8644067796608,"psoriasis"
"psoriasis%20(189).jpg",511.412470758298,906.2146892655369,872.9943226959746,1163.8418079096048,"psoriasis"
"psoriasis%20(190).jpg",56.29765512882937,113.7841782609688,99.05229986417818,151.46030513909903,"psoriasis"
"psoriasis%20(190).jpg",84.71977507029052,29.68134390651085,106.09710207137417,48.64094138424066,"psoriasis"
"psoriasis%20(190).jpg",118.24330638252694,32.355134483171824,144.47909657443475,55.446958818897386,"psoriasis"
"psoriasis%20(190).jpg",133.0616719354059,118.64561398717916,155.4106804544722,143.9250834724541,"psoriasis"
"psoriasis%20(190).jpg",189.6629914388326,97.49837599612636,215.8987816307404,117.91640975519094,"psoriasis"
"psoriasis%20(190).jpg",209.096918336677,151.703391761334,230.4742268041237,177.22592932393832,"psoriasis"
"psoriasis%20(190).jpg",23.017062729725573,34.2997115553918,41.23636919645472,50.099377665575446,"psoriasis"
"psoriasis%20(193).jpg",2.4387970258062617,152.97402048919162,110.913361802613,276.43729732534985,"psoriasis"
"psoriasis%20(193).jpg",315.20717929761065,189.71186440677968,415.8474622248705,281.25537182651675,"psoriasis"
"psoriasis%20(193).jpg",424.8870102474694,236.085880301093,594.8304946813206,422.1841716012039,"psoriasis"
"psoriasis%20(193).jpg",626.7702953963629,260.17627578131896,696.0734969029543,451.6949152542373,"psoriasis"
"psoriasis%20(193).jpg",729.21850631915,365.57177898169914,770.8003904410898,486.0237563828291,"psoriasis"
"psoriasis%20(193).jpg",120.55556015330744,149.36044738252284,180.21656330920433,199.95028708075398,"psoriasis"
"psoriasis%20(192).jpg",182.25763111868818,21.49604719776218,315.4282405874823,201.85310734463275,"psoriasis"
"psoriasis%20(192).jpg",349.50733663268005,169.87119444076623,453.8418079096045,290.9830508474576,"psoriasis"
"psoriasis%20(192).jpg",297.0779581016066,313.0034138307733,404.03389830508473,409.4734383275953,"psoriasis"
"psoriasis%20(192).jpg",536.6802419888771,101.18870656503795,610.08137193238,242.22373281360342,"psoriasis"
"psoriasis%20(192).jpg",525.6700404969986,274.20564571746996,660.9378531073446,444.0768601584569,"psoriasis"
"psoriasis%20(192).jpg",4.522039898371292,348.1310814464159,89.45762711864406,434.11527023746464,"psoriasis"
"psoriasis%20(191).jpg",78.63543009020619,80.85439575812309,132.85848172446111,155.53309487777403,"psoriasis"
"psoriasis%20(191).jpg",172.68603195290532,31.148639649291802,218.0318650421743,68.12780349992482,"psoriasis"
"psoriasis%20(198).jpg",97.68331045198349,95.768358693958,303.58888244628906,306.98869478904595,"psoriasis"
"psoriasis%20(198).jpg",64.37505998080614,129.07910470908644,131.3700724654829,198.72881355932202,"psoriasis"
"psoriasis%20(198).jpg",302.0748651544787,215.38418656688626,352.7942567265194,293.7401072184245,"psoriasis"
"psoriasis%20(194).jpg",29.204699625104865,26.62146810757912,117.90268456375838,137.83051830227095,"psoriasis"
"psoriasis%20(194).jpg",15.674499921350671,58.18079587429931,32.21141431155621,95.3220371742033,"psoriasis"
"psoriasis%20(199).jpg",199.31666838402205,118.06666310628256,351.4269831830345,277.6666666666667,"psoriasis"
"psoriasis%20(199).jpg",360.2922781401196,7,415.81720572640506,38.73333867390951,"psoriasis"
"psoriasis%20(199).jpg",469.94236676083636,231.46667734781903,513.3358062388155,271.1333262125651,"psoriasis"
"psoriasis%20(196).jpg",95.32242136988147,87.73446327683615,217.14309587149785,207.91413439734507,"psoriasis"
"psoriasis%20(196).jpg",117.83275104391164,215.52880850754215,211.51551976697198,290.682495979266,"psoriasis"
"psoriasis%20(196).jpg",23.818965517241377,234.73107849810756,63.212061388739215,284.3920954472601,"psoriasis"
"psoriasis%20(196).jpg",66.85346090382544,149.64520026600294,101.61208159348061,199.30622984460518,"psoriasis"
"psoriasis%20(196).jpg",252.56380068022628,154.94237035546598,281.6948452653556,284.0610270527123,"psoriasis"
"psoriasis%20(202).jpg",219.13778489174527,259.8433112772102,366.91658856607313,415.6860360256967,"psoriasis"
"psoriasis%20(202).jpg",90.25304592314902,373.8581363862736,342.62419024023256,509.4615448954438,"psoriasis"
"psoriasis%20(202).jpg",491.75257731958766,159.99602297704106,663.8238050609185,354.2934537273527,"psoriasis"
"psoriasis%20(202).jpg",203.61761434567566,191.02963091641072,291.34022677849697,245.0011408879207,"psoriasis"
"psoriasis%20(202).jpg",339.2502445982457,238.25470214148194,455.9887844039216,319.21196709874687,"psoriasis"
"psoriasis%20(202).jpg",341.7807038297358,389.71225714615605,533.4208265910554,504.4017158356147,"psoriasis"
"psoriasis%20(202).jpg",354.7704151443153,134.35954801988737,453.9643964257996,219.36467879857773,"psoriasis"
"psoriasis%20(202).jpg",159.75632099984625,183.60855858957666,195.5201653978371,210.59431357533165,"psoriasis"
"psoriasis%20(202).jpg",139.51264714792498,533.0740805079795,447.8912839737583,592,"psoriasis"
"psoriasis%20(204).jpg",7.598666913113614,1.1333376566569011,325.00757379570473,952,"psoriasis"
"psoriasis%20(204).jpg",454.23836032388664,558.7333246866863,560.7970820747406,665.2667185465496,"psoriasis"
"psoriasis%20(205).jpg",78.96356382208356,174,162.71950052552305,288.4271276441671,"psoriasis"
"psoriasis%20(205).jpg",328.4618644067797,119.73559997041347,422.24492425433664,255.3966056694419,"psoriasis"
"psoriasis%20(203).jpg",156.15282818008336,129.66101694915255,167.56084294802372,144.1830534854178,"psoriasis"
"psoriasis%20(203).jpg",169.635051428246,167.34915781829318,217.34134535488616,217.13899360268806,"psoriasis"
"psoriasis%20(203).jpg",144.05340179385004,223.36270658848656,195.7514340344168,264.9406779661017,"psoriasis"
"psoriasis%20(203).jpg",6.811334146824211,169.0779713776152,32.39297059389191,207.45762711864407,"psoriasis"
"psoriasis%20(203).jpg",29.627403244689592,131.38983050847457,60.04880233385367,154.21017740540586,"psoriasis"
"psoriasis%20(203).jpg",28.93599162639669,209.87798192945579,57.62892760646959,242.72543955657443,"psoriasis"
"psoriasis%20(203).jpg",5.082844663076601,2.76610235440529,39.306928528882345,34.57627118644068,"psoriasis"
"psoriasis%20(203).jpg",76.98800454951153,139.3423702433958,131.60828278579856,240.9966259972524,"psoriasis"
"psoriasis%20(203).jpg",202.47635161945058,110.29831036066605,223.56391804624013,156.63050583661612,"psoriasis"
"psoriasis%20(207).jpg",264.5857011755532,192.12091314455884,437.54236828360405,302.93671856896356,"psoriasis"
"psoriasis%20(207).jpg",361.0075467499411,355.93558403058245,405.6026595235993,405.32092233431547,"psoriasis"
"psoriasis%20(206).jpg",301.4691329328981,856.2305385783568,1102.3459656597815,1223.1864406779662,"psoriasis"
"psoriasis%20(206).jpg",794.619817864405,1426.393280546544,1129.9622836178296,1692.7322635973915,"psoriasis"
"psoriasis%20(206).jpg",43.05820412831764,613.5661468505859,398.1266972790026,846.3661317986957,"psoriasis"
"psoriasis%20(206).jpg",717.6884314132063,232.80002257783536,916.921278026006,453.7627118644068,"psoriasis"
"psoriasis%20(206).jpg",1001.7431055356378,112.45425234002583,1260.1541848378638,305.79661016949154,"psoriasis"
"psoriasis%20(206).jpg",719.6610040534033,649.0779962054754,897.1952506287457,773.369506577314,"psoriasis"
"psoriasis%20(206).jpg",1064.866483505458,662.888180748891,1305.5239575529752,1000.2508625095174,"psoriasis"
"psoriasis%20(206).jpg",826.1815820981378,479.4101544396352,1041.1951603301584,587.9186290159064,"psoriasis"
"psoriasis%20(206).jpg",542.1267574780608,487.30170996714446,654.5650534433861,589.8915555275092,"psoriasis"
"psoriasis%20(206).jpg",277.797960255244,35.51186816975222,380.37324252193923,116.39999247405488,"psoriasis"
"psoriasis%20(206).jpg",455.3322068305865,203.2068022388523,605.2499849502354,307.7694990513688,"psoriasis"
"psoriasis%20(206).jpg",374.4555246013485,1.9728888818773174,729.5240177520334,88.77966101694916,"psoriasis"
"psoriasis%20(206).jpg",181.14039590913956,1412.5830207436773,380.37324252193923,1692.7322635973915,"psoriasis"
"psoriasis%20(206).jpg",959.8252973164599,1217.2678869215108,1129.4692533310147,1309.9932504427634,"psoriasis"
"psoriasis%20(206).jpg",974.1267875775899,1347.478026309256,1155.6061794333261,1562.5221242096466,"psoriasis"
"psoriasis%20(206).jpg",520.4281574406036,1323.803359726728,680.2089492588827,1448.0949453580179,"psoriasis"
"psoriasis%20(206).jpg",883.3869411520762,17.7559434923075,1062.8939108652612,144.0203615608862,"psoriasis"
"psoriasis%20(206).jpg",1171.3870615501926,1142.2983351885262,1264.0993301182577,1400.7457627118642,"psoriasis"
"psoriasis%20(206).jpg",1208.8663932068707,1485.5797212245102,1279.8802122351242,1625.6542673919162,"psoriasis"
"psoriasis%20(214).jpg",1076.903023983316,563.7152415130099,1447.2887916286497,1069.0576016700875,"psoriasis"
"psoriasis%20(208).jpg",785.634555119494,280.75757267586414,1421.9156733247426,762.93018769476,"psoriasis"
"psoriasis%20(208).jpg",843.5763604147141,757.1728814326048,1042.2343237464854,886.7117781794223,"psoriasis"
"psoriasis%20(208).jpg",1350.6579852975635,605.6843163302798,1504.6899162371137,788.4780489261956,"psoriasis"
"psoriasis%20(208).jpg",1063.4676663542643,129.98868458274399,1171.4339268978445,272.4814655136691,"psoriasis"
"psoriasis%20(208).jpg",859.0515903233364,147.26054846346798,995.808853678538,278.2387443229535,"psoriasis"
"psoriasis%20(208).jpg",638.8003748828492,826.6200793750552,788.5136114690722,951.8410787838689,"psoriasis"
"psoriasis%20(208).jpg",761.5220463331772,1012.6523722388282,1014.8828491096533,1120.601452861176,"psoriasis"
"psoriasis%20(210).jpg",303.29522573512185,210.98901071532802,374.5529412195408,268.5785016841293,"psoriasis"
"psoriasis%20(210).jpg",369.87444719423615,162.75780653679507,398.3055405049203,187.95320883564565,"psoriasis"
"psoriasis%20(210).jpg",376.3523788952671,70.25468392207705,406.58296479615746,101.20902982564591,"psoriasis"
"psoriasis%20(210).jpg",422.41799437675724,6.9062424833551415,436.09373169517335,34.98111658456486,"psoriasis"
"psoriasis%20(210).jpg",423.497667965089,71.69442668845892,440.05251654756324,92.21067186177069,"psoriasis"
"psoriasis%20(215).jpg",56.047993753327056,124.53672893976761,209.34165978019846,233.17513546701207,"psoriasis"
"psoriasis%20(215).jpg",151.43073660764492,68.13559322033899,221.45376923720346,141.94915254237287,"psoriasis"
"psoriasis%20(215).jpg",393.67255034053164,85.54803126275876,464.83110315831743,260.05086478540454,"psoriasis"
"psoriasis%20(215).jpg",340.3036501659313,263.45762134271826,467.48061176087714,320.9943618343375,"psoriasis"
"psoriasis%20(215).jpg",6.464115150144141,177.53107922225348,108.65989972076122,262.3220454501567,"psoriasis"
"psoriasis%20(215).jpg",0.4080748603806157,273.299452356026,32.580812362700186,323.26554249908963,"psoriasis"
"psoriasis%20(215).jpg",145.7531934214645,149.89831374863448,236.97238150393434,265.3502767099499,"psoriasis"
"psoriasis%20(215).jpg",145.7531934214645,149.89831374863448,236.97238150393434,265.3502767099499,"Rosacea"
"psoriasis%20(216).jpg",205.27471023464796,122.86101995349604,574.6486352956073,572.5638778600315,"psoriasis"
"psoriasis%20(216).jpg",580.9492804485819,59.067796610169495,677.0337284633092,383.5468986640542,"psoriasis"
"psoriasis%20(216).jpg",140.10267857142858,330.7796610169492,528.3784489602036,542.6361702094645,"psoriasis"
"psoriasis%20(219).jpg",484.32203389830494,188.13559322033896,894.0254857984637,353.89829732603937,"psoriasis"
"psoriasis%20(219).jpg",378.1779661016949,355.9322033898305,1054.4491525423728,896.9491990946105,"psoriasis"
"psoriasis%20(219).jpg",188.00846681756488,490.16949928413,372.07628670385327,765.7627428992319,"psoriasis"
"psoriasis%20(217).jpg",314.71698278339534,61.92953235777464,537.7272727272727,283.9559398768757,"psoriasis"
"psoriasis%20(217).jpg",414.1846298031865,14.352427747281112,575.7403936269916,82.22907246997177,"psoriasis"
"psoriasis%20(217).jpg",703.0843873099959,72.71365396776913,753.1349578256795,147.5682988775984,"psoriasis"
"psoriasis%20(217).jpg",234.2558478772808,170.40529360330052,343.22682345818447,233.84144115027877,"psoriasis"
"psoriasis%20(222).jpg",102.67186568955243,227.60904529808604,185.53438923004205,318.0497232641877,"psoriasis"
"psoriasis%20(222).jpg",192.31403300542166,13.566103132431117,260.86395608503267,82.90395480225988,"psoriasis"
"psoriasis%20(222).jpg",348.9995550525615,347.2545255240747,433.36864694139155,592.1980283489335,"psoriasis"
"psoriasis%20(222).jpg",359.1690350836055,203.4915254237288,634.121954104321,483.10394330213296,"psoriasis"
"psoriasis%20(218).jpg",354.9902033199303,80.12656083618853,708.1800367500917,400.00678921284646,"psoriasis"
"psoriasis%20(221).jpg",834.5791720360825,273.74102914933684,1601.8595507263356,512.5899829452844,"psoriasis"
"psoriasis%20(226).jpg",131.40582269670367,32.43323703533858,265.7638478301459,131.13988584440196,"psoriasis"
"psoriasis%20(226).jpg",79.1846278010961,108.5633693409101,247.91939618326063,140.32800465628316,"psoriasis"
"psoriasis%20(226).jpg",260.77788191190257,67.34809152476353,290.16868927373775,88.6120196265581,"psoriasis"
"psoriasis%20(223).jpg",78.18743804960242,103.99783286626493,250.70854208462686,245.54603299446768,"psoriasis"
"psoriasis%20(227).jpg",84.16393773864402,142.92882214562368,353.20709257143744,200.70056497175142,"psoriasis"
"psoriasis%20(227).jpg",183.22584284626745,49.51864692989716,386.22774192137297,162.81130515922933,"psoriasis"
"psoriasis%20(225).jpg",218.25201011219903,105.57401732536358,289.3714632050451,122.68701167564606,"psoriasis"
"psoriasis%20(225).jpg",63.56714989706131,99.12373283084503,91.48812424093626,189.6909684865488,"psoriasis"
"psoriasis%20(225).jpg",94.71483706082248,65.29265335858878,108.938745766009,95.0429438790359,"psoriasis"
"psoriasis%20(225).jpg",89.71013942083322,37.38531274310613,134.22566554732515,61.343500816215894,"psoriasis"
"psoriasis%20(225).jpg",192.96507023464142,164.81129541774254,263.29433911270615,180.8711984925351,"psoriasis"
"psoriasis%20(228).jpg",902.1351959745763,2471.7751854072185,1232.0587481482555,2900.139115543689,"psoriasis"
"psoriasis%20(228).jpg",62.85553495762712,3062.222687198617,514.3302878686937,3577.417125809664,"psoriasis"
"psoriasis%20(228).jpg",583.7877383474577,3658.4590220478294,1619.8640978538385,4561.496221854862,"psoriasis"
"psoriasis%20(228).jpg",1342.033412739382,3316.9256003859355,1943.9996027542372,3756.866754995228,"psoriasis"
"psoriasis%20(228).jpg",1724.0502735719842,3826.330985117767,2679.0926464533404,4567.284834091273,"psoriasis"
"psoriasis%20(228).jpg",2771.703169224626,3463.0903779800333,3032.1692709195413,3920.3973692985583,"psoriasis"
"psoriasis%20(228).jpg",2968.499426114357,3160.6304201460157,3298.4234198877366,3577.4171258096644,"psoriasis"
"psoriasis%20(228).jpg",2268.135107654636,2570.1831391760184,2569.118423461914,2952.237288135593,"psoriasis"
"psoriasis%20(228).jpg",1388.338674125025,2506.507300468488,2071.3384091652047,2859.6181674246063,"psoriasis"
"psoriasis%20(228).jpg",1567.7707891949153,2946.4486758991825,1891.9062940953143,3369.023993799242,"psoriasis"
"psoriasis%20(228).jpg",195.98283024157507,2489.1412429378533,624.3045108601198,2703.3232080060884,"psoriasis"
"psoriasis%20(232).jpg",31.945825609110166,28.85422942597987,2736,1516.908443127648,"psoriasis"
"psoriasis%20(232).jpg",106.1424043299788,1611.7153485831566,2707.1458885063557,3239.9185811705506,"psoriasis"
"psoriasis%20(232).jpg",250.41374801377117,3301.749089645127,2608.2170120497876,3590.2914625264825,"psoriasis"
"psoriasis%20(230).jpg",256.84258751325393,109.81695375604143,441.0933081998115,298.6779661016949,"psoriasis"
"psoriasis%20(230).jpg",356.64467483506127,316.47797070519397,435.8152686145146,371.08474576271186,"psoriasis"
"psoriasis%20(230).jpg",590.4147077123586,366.4084883867684,604.8916254933434,382.7000184139963,"psoriasis"
"psoriasis%20(230).jpg",217.0310981311852,333.67459468518274,283.3835957749175,372.8949336682336,"psoriasis"
"psoriasis%20(230).jpg",515.0141422081173,331.2610261561507,540.3487138092012,357.2068072820114,"psoriasis"
"psoriasis%20(230).jpg",620.5749799349081,390.3932479599775,700.1979586990458,450.73223101082493,"psoriasis"
"psoriasis%20(235).jpg",393.4639946889069,235.67797773975437,715.3284363827463,414.1525656490003,"psoriasis"
"psoriasis%20(235).jpg",223.37922565007614,12.203392740023338,326.3453273449914,123.55932785292802,"psoriasis"
"psoriasis%20(235).jpg",8.294503163483183,501.8644300557799,375.92159853143204,658.2203622591697,"psoriasis"
"psoriasis%20(231).jpg",24.442366338156045,185.81400372975233,193.43955014058108,355.1623931623932,"psoriasis"
"psoriasis%20(231).jpg",408.9222301136364,4.186646442467671,593.8144329896908,99.65527065527067,"psoriasis"
"psoriasis%20(231).jpg",618.2567764468135,62.331380360486506,724.4236725339738,184.61513875760244,"psoriasis"
"psoriasis%20(231).jpg",473.7019589825445,118.07838433420557,556.4761103707825,213.9872276762612,"psoriasis"
"psoriasis%20(231).jpg",235.57639153291942,331.47556048444875,292.55858459758673,383.6259695417182,"psoriasis"
"psoriasis%20(231).jpg",146.8041374399602,38.95359343612975,261.9681532626523,182.21740881330268,"psoriasis"
"psoriasis%20(231).jpg",293.1583880037488,218.7826646984133,596.6635334905109,311.6943456100942,"psoriasis"
"psoriasis%20(231).jpg",294.35804057813965,415.9952094575279,571.4714243351686,513.1028834720622,"psoriasis"
"psoriasis%20(231).jpg",658.4442910906748,300.3051626743415,794.0018744142455,398.61172452747314,"psoriasis"
"psoriasis%20(231).jpg",38.83787689638004,371.03794450026294,184.59232405400655,443.5689894847381,"psoriasis"
"psoriasis%20(229).jpg",826.8892566228317,2541.23963635116,1284.1520568071785,2900.1391155436886,"psoriasis"
"psoriasis%20(229).jpg",2244.982476961815,2552.817081645384,2499.66053138345,2917.505173074324,"psoriasis"
"psoriasis%20(229).jpg",51.27944041106661,3096.954802259887,496.96570444915255,3774.2330333472646,"psoriasis"
"psoriasis%20(229).jpg",566.4231549279165,3722.134639933958,1625.6521451271187,4555.707609618451,"psoriasis"
"psoriasis%20(229).jpg",1376.762137978764,3357.446327683616,2042.397731199103,4416.778707730568,"psoriasis"
"psoriasis%20(229).jpg",2088.702992584746,3768.4439794680493,2626.9997793941175,4503.609216205145,"psoriasis"
"psoriasis%20(229).jpg",2780.385019334696,3309.689724679721,3058.215704449153,3859.6162783520376,"psoriasis"
"psoriasis%20(229).jpg",2933.7707008749753,3160.6304201460157,3234.754016682253,3554.2622352212165,"psoriasis"
"psoriasis%20(229).jpg",184.40629409531417,2465.9865731708073,566.4231549279165,2749.632768361582,"psoriasis"
"psoriasis%20(229).jpg",1446.2200300572283,2471.7751854072185,1961.3641861737785,3068.0112994350284,"psoriasis"
"psoriasis%20(238).jpg",185.1506184853928,206.42260638738082,371.38664124603747,338.9469076900159,"psoriasis"
"psoriasis%20(240).jpg",163.54281718717198,165.03955668648757,313.0514544232564,233.9322149416821,"psoriasis"
"psoriasis%20(240).jpg",271.03764062101686,152.16949441338662,313.0514544232564,233.9322149416821,"psoriasis"
"psoriasis%20(239).jpg",515.3815137725516,197.79661016949154,758.1855569426547,399.5491424819171,"psoriasis"
"psoriasis%20(239).jpg",353.07219515141753,470.75594226384567,481.07215488079896,573.6101694915254,"psoriasis"
"psoriasis%20(239).jpg",584.0000302029639,646.135593220339,764.7834950869845,738.4406779661017,"psoriasis"
"psoriasis%20(239).jpg",1010.2268745972938,481.3050847457627,1169.896957554768,650.091515363273,"psoriasis"
"psoriasis%20(236).jpg",123.84122751719917,2.2576285540047336,181.76363088123836,41.89152733754303,"psoriasis"
"psoriasis%20(236).jpg",126.85019421933303,83.53220147601628,164.9636194029851,108.11525997873079,"psoriasis"
"psoriasis%20(236).jpg",132.36660447761196,136.46102077678097,182.01437332381064,176.84745762711862,"psoriasis"
"psoriasis%20(236).jpg",24.04421450486824,135.70847074864275,67.42332663464903,178.60340131339382,"psoriasis"
"psoriasis%20(236).jpg",233.6681199714319,114.88813367940611,257.99050037896455,130.69153116517148,"psoriasis"
"psoriasis%20(236).jpg",107.04123516936801,193.9050924010196,132.36660447761196,212.46780809305483,"psoriasis"
"psoriasis%20(236).jpg",33.321828358208954,183.87119409593484,54.8860132018132,202.68475341796875,"psoriasis"
"psoriasis%20(237).jpg",226.3958840910921,32.592184358776976,604.2763042646584,189.39217851371637,"psoriasis"
"psoriasis%20(237).jpg",189.06803343468104,189.9029393895053,451.8969072164948,344.14919735787356,"psoriasis"
"psoriasis%20(237).jpg",526.0412371134021,200.11792310286032,635.979381443299,252.72508532993177,"psoriasis"
"psoriasis%20(243).jpg",24.253760573960083,45.42372881355932,169.9773545805186,167.31073735123974,"psoriasis"
"psoriasis%20(243).jpg",185.49599572472746,23.46892944163522,406.16315690111975,121.88700853768043,"psoriasis"
"psoriasis%20(243).jpg",215.77622605102303,132.86441544354972,288.0702701795582,214.6271359718452,"psoriasis"
"psoriasis%20(243).jpg",0.4080748603806157,162.01129654706534,120.77199473902726,261.56496597548664,"psoriasis"
"psoriasis%20(243).jpg",375.125932367658,140.8135622099968,443.2564506018231,234.68926553672316,"psoriasis"
"psoriasis%20(243).jpg",126.44953792520768,218.790972003829,177.54741216209248,291.84745185119283,"psoriasis"
"psoriasis%20(243).jpg",189.65952161909752,245.66667244259247,289.2057614903075,298.2824974275578,"psoriasis"
"psoriasis%20(241).jpg",263.467583039443,6.813560044024624,490.5693104866599,329.7005591958256,"psoriasis"
"psoriasis%20(241).jpg",81.0291924357643,248.31637840486516,140.4541473388672,285.4124351544569,"psoriasis"
"psoriasis%20(241).jpg",171.11287476874585,44.28813848118324,202.90712238685182,74.94915687431723,"psoriasis"
"psoriasis%20(245).jpg",194.42033160865475,50.090395480225986,768.5538864063969,578.7367114050913,"psoriasis"
"psoriasis%20(246).jpg",263.75410117265466,67.80678901025804,876.1102014720559,633.1355932203389,"psoriasis"
"psoriasis%20(248).jpg",167.33487193802912,210.80226747329627,316.49821855157495,332.61017707781605,"psoriasis"
"psoriasis%20(248).jpg",173.79863213162974,40.76836537506621,282.68784481215766,214.28249725514212,"psoriasis"
"psoriasis%20(248).jpg",74.35638208883218,361.94351799744,180.75955795956799,392.2711940269686,"psoriasis"
"psoriasis%20(248).jpg",140.9826655292891,288.8587494758563,191.6982261384151,365.9208963685117,"psoriasis"
"psoriasis%20(247).jpg",227.77880996661202,63.97499084472656,696.2324090616214,332.77502059936523,"psoriasis"
"psoriasis%20(247).jpg",111.4151873315956,156.97500228881836,344.1424554826617,295.5749931335449,"psoriasis"
"psoriasis%20(247).jpg",438.3130546362465,328.5749931335449,527.0852858481725,402.3750114440918,"psoriasis"
"psoriasis%20(247).jpg",255.97002767689784,337.5749931335449,304.5548357690956,403.5749931335449,"psoriasis"
"psoriasis%20(247).jpg",240.97471371251171,27.375,363.936288220478,77.77499771118164,"psoriasis"
"psoriasis%20(247).jpg",474.90161155693534,7.574993133544922,570.8716209290066,62.17499542236328,"psoriasis"
"psoriasis%20(249).jpg",660.4093510664392,545.3905157470703,871.0245758314052,732.5264947509766,"psoriasis"
"psoriasis%20(249).jpg",921.9576172332621,656.8464947509766,1025.2003538780607,750.4145367431641,"psoriasis"
"psoriasis%20(250).jpg",405.09280375486907,48.70557378253665,554.6110590440487,171.2332232868502,"psoriasis"
"psoriasis%20(250).jpg",284.7703842549203,100.459131659678,383.4170706694441,186.7150558302941,"psoriasis"
"psoriasis%20(250).jpg",300.69540093519356,272.08631735465724,406.4198687910028,350,"psoriasis"
"psoriasis%20(250).jpg",332.1031130332196,225.19845465348232,470.1200030111439,269.87462699130816,"psoriasis"
"psoriasis%20(252).jpg",966.8776210223612,122.24550369983068,1129.795395054768,522.7822015132003,"psoriasis"
"psoriasis%20(252).jpg",143.1550343307023,0.5813279377032758,1663.0560855311328,723.4242413238394,"psoriasis"
"psoriasis%20(252).jpg",19.59663112250688,395.2216560789444,1771.9999999999998,1147.2972229724278,"psoriasis"
"psoriasis%20(252).jpg",22.253810893293842,202.55215352594598,216.2271992791559,401.86543290297874,"psoriasis"
"psoriasis%20(255).jpg",185.46391123348903,99.32990319950063,421.34021877013527,242.8350704232442,"psoriasis"
"psoriasis%20(255).jpg",206.90722907941364,246.13402061855666,263.40206185567007,274.175270316527,"psoriasis"
"psoriasis%20(254).jpg",229.38894095595126,261.74311467488604,431.8466811747671,333.19913945515947,"psoriasis"
"psoriasis%20(254).jpg",280.8153701968135,342.94311467488603,373.9242984446389,383.54311467488606,"psoriasis"
"psoriasis%20(251).jpg",6.282483117055085,40.85876120012359,320,162.35028800317798,"psoriasis"
"psoriasis%20(251).jpg",0.1356014962923729,170.3050930217161,319.7740112994351,316.74575719456215,"psoriasis"
"psoriasis%20(251).jpg",9.175149518891242,2.1694929047492937,307.48024805790965,33.26553948181497,"psoriasis"
"psoriasis%20(253).jpg",322.92783505154637,245.51229622527842,466.13308341143386,290.1688022467926,"psoriasis"
"psoriasis%20(253).jpg",480.45360824742266,181.96266480074584,528.5705804368996,223.7565754024127,"psoriasis"
"psoriasis%20(259).jpg",87.76914184717563,117.57287877831756,170.85719459450866,202.036168502549,"psoriasis"
"psoriasis%20(259).jpg",87.43139066799702,55.407908315712454,115.12739966085363,82.09830250713112,"psoriasis"
"psoriasis%20(259).jpg",183.69194555340113,119.93785310734464,219.4941116903602,156.42598612295032,"psoriasis"
"psoriasis%20(257).jpg",513.0762804968882,302.6440817622815,559.4491525423729,358.77967963784425,"psoriasis"
"psoriasis%20(257).jpg",383.72036691439354,118.98305084745762,413.00847457627117,181.2203436382746,"psoriasis"
"psoriasis%20(260).jpg",936.7937565747851,537.7186555593028,1239.618707286885,796.7875936044811,"psoriasis"
"psoriasis%20(260).jpg",679.1666609194767,732.0203734575691,853.9312330342955,857.0361811751026,"psoriasis"
"psoriasis%20(256).jpg",331.25702415764664,1801.1119870977886,878.2960689267632,2318.3954802259886,"psoriasis"
"psoriasis%20(256).jpg",2363.8827020229573,1908.3210266458113,2634.720854519466,2168.30286575576,"psoriasis"
"psoriasis%20(258).jpg",134.3903758427868,43.02825151863745,351.4862896644905,170.57627704857433,"psoriasis"
"psoriasis%20(258).jpg",70.71917808219177,244.3389771887138,377.5684931506849,402.621480650821,"psoriasis"
"psoriasis%20(258).jpg",47.70547945205479,464.0904072044933,212.63698630136986,605.468950002207,"psoriasis"
"psoriasis%20(261).jpg",164.0112763598449,62.3355968927933,210.44737392798402,105.4169473163152,"psoriasis"
"psoriasis%20(213).jpg",332.2481841611996,96.51623087015237,686.9533153701968,468.36774481696045,"psoriasis"
"psoriasis%20(213).jpg",370.6361879100281,12.772795723580025,703.8440721649486,106.50397275632565,"psoriasis"
"psoriasis%20(213).jpg",296.93123242736647,461.45313849921695,657.7784676663543,524.4528133083033,"psoriasis"
"psoriasis%20(212).jpg",86.40675681488695,26.75564310502033,375.30648457635306,249.2162956704899,"psoriasis"
"psoriasis%20(212).jpg",411.56513589503277,113.39821540231955,610.4029990627928,222.87227234687472,"psoriasis"
"psoriasis%20(212).jpg",188.16494399180675,375.0821848833179,405.1321551279141,485.7270917753437,"psoriasis"
"psoriasis%20(212).jpg",560.1087249498447,369.81337128575274,658.3579952736937,438.3078587256785,"psoriasis"
"psoriasis%20(212).jpg",207.46393091117764,265.02271413108,392.26619359367675,380.350998480883,"psoriasis"
"psoriasis%20(211).jpg",363.3050950907044,241.35594772080242,539.5762815313824,432.54239357123936,"psoriasis"
"psoriasis%20(262).jpg",146.54915916313558,165.74915585275423,898.9288930084745,523.2813824152543,"psoriasis"
"psoriasis%20(264).jpg",333.32851888365667,393.04410436597925,1438.964689265537,878.7570621468927,"psoriasis"
"psoriasis%20(267).jpg",20.721122634242956,5.953674381062136,479.99999999999994,214.87345045703952,"psoriasis"
"psoriasis%20(267).jpg",108.33802816901408,222.99209452483615,405.2619800836267,412.42714342020327,"psoriasis"
"psoriasis%20(263).jpg",147.2513550483934,69.80338798135014,376.45705623657034,327.68812819658706,"psoriasis"
"psoriasis%20(265).jpg",257.23162002707153,361.6949152542373,1037.0433053054378,930.761637111168,"psoriasis"
"psoriasis%20(270).jpg",298.1356001169668,181.24294819804908,338.8135662186617,212.42937853107344,"psoriasis"
"psoriasis%20(270).jpg",289.5480225988701,320.45198429775775,318.9265536723164,332.20338983050846,"psoriasis"
"psoriasis%20(269).jpg",81.85312389653954,25.672317763506356,229.0169546698446,192.36159847281073,"psoriasis"
"psoriasis%20(269).jpg",101.74012954625707,209.71751412429379,221.78531625176555,312.7683615819209,"psoriasis"
"psoriasis%20(269).jpg",241.31074549788136,151.141240179202,286.8700896009887,236.113005384887,"psoriasis"
"psoriasis%20(269).jpg",56.180785443149716,213.69490973693502,110.41807357874293,277.3333498852401,"psoriasis"
"psoriasis%20(268).jpg",100.7497656982193,29.335227737426756,167.4789242802542,94.90190155029296,"psoriasis"
"psoriasis%20(268).jpg",101.12465712771643,192.31522059122722,264.5735879199127,260.8792320251465,"psoriasis"
"psoriasis%20(268).jpg",331.30271790065603,73.54589869181315,384.5360710337102,109.13923202514648,"psoriasis"
"psoriasis%20(271).jpg",164.53610306715677,153.05607836020368,281.49955198936857,267.78488088090484,"psoriasis"
"psoriasis%20(271).jpg",398.912853466202,153.50598830034252,505.97940890053894,255.18719660144876,"psoriasis"
"psoriasis%20(272).jpg",303.8987816307404,84.3373715038031,408.4910965323337,196.35144891873213,"psoriasis"
"psoriasis%20(272).jpg",219.76008206969013,135.46413206718339,260.20242964539887,208.43594886887243,"psoriasis"
"psoriasis%20(272).jpg",339.2277342377138,244.2247025395783,374.55672231028876,268.85848408014004,"psoriasis"
"psoriasis%20(272).jpg",235.10030244149777,104.32328345070422,250.44048734770385,129.88666373239437,"psoriasis"
"psoriasis%20(272).jpg",331.7900656044986,66.6754032188738,421.97189087943707,101.9993397887324,"psoriasis"
"psoriasis%20(274).jpg",147.66949152542372,67.45762582552635,306.99152542372883,223.05085780256886,"psoriasis"
"psoriasis%20(275).jpg",136.67109063331117,101.53446111301918,174.9689629737367,137.2700608248091,"psoriasis"
"psoriasis%20(275).jpg",119.08244680851064,155.98870056497174,156.52924666167996,190.30621036163154,"psoriasis"
"psoriasis%20(276).jpg",32.31638418079096,75.20903678937147,182.37288135593218,275.1638362906073,"psoriasis"
"psoriasis%20(276).jpg",100.65537274894068,14.824860136387711,156.7005704890537,91.84181342690678,"psoriasis"
"psoriasis%20(273).jpg",45.774472871806026,65.01581780385162,174.5729401747691,143.4768389685679,"psoriasis"
"psoriasis%20(273).jpg",59.22552712819398,27.99548163117662,198.15834440791448,64.6474618426824,"psoriasis"
"psoriasis%20(277).jpg",350.3955216057557,328.13558632371115,1005.7626842778956,535.14128431762,"psoriasis"
"psoriasis%20(281).jpg",224.19920640516597,56.867802636098055,533.4372361650584,328.56949955999517,"psoriasis"
"psoriasis%20(281).jpg",90.91604955893918,320.1446488375044,547.1342716593846,421.7694834908523,"psoriasis"
"psoriasis%20(281).jpg",552.4023807845022,215.36046001197255,662.5059097304394,391.22939460021627,"psoriasis"
"psoriasis%20(282).jpg",281.0737624204248,201.81696177337128,880.6978541209285,564.094953116724,"psoriasis"
"psoriasis%20(282).jpg",209.11890044248193,267.1593157234838,373.7053476778188,646.8068175235037,"psoriasis"
"psoriasis%20(279).jpg",256.0932587099747,326.07117679833016,1400.4605633802817,1349.7830894168487,"psoriasis"
"psoriasis%20(279).jpg",743.6492957746478,1397.8091166868048,1701.078066715724,1938.7334490415067,"psoriasis"
"psoriasis%20(279).jpg",1435.8273624903718,528.2859142756058,2006.748080057493,1496.388816273145,"psoriasis"
"psoriasis%20(278).jpg",158.08212058212058,197.69493620274432,770.9719334719334,547.3220618296477,"psoriasis"
"psoriasis%20(278).jpg",835.0051975051974,304.7796540341135,933.7994042156639,555.5593639309124,"psoriasis"
"psoriasis%20(278).jpg",983.196437780178,353.2881565417274,1087.4792658117854,509.79665206650566,"psoriasis"
"psoriasis%20(287).jpg",343.22477960988755,493.83833614058557,716.020256121134,682,"psoriasis"
"psoriasis%20(287).jpg",421.53629481021557,42.84163085298866,661.3653606783037,170.88229477316452,"psoriasis"
"psoriasis%20(287).jpg",310.59497642338334,395.15733214237224,742.9398686445643,528.9068214177015,"psoriasis"
"psoriasis%20(287).jpg",435.4039362699157,189.63983713101555,733.1508903467667,372.3220618323538,"psoriasis"
"psoriasis%20(287).jpg",279.59663850164014,112.16300603983468,420.72056217783506,243.46583365538726,"psoriasis"
"psoriasis%20(287).jpg",669.5228114749298,73.83235706734193,817.9883910789598,190.45537027721087,"psoriasis"
"psoriasis%20(287).jpg",174.36551077788192,347.8556941193493,275.5179131033271,408.20604914506987,"psoriasis"
"psoriasis%20(285).jpg",9.418938019170646,5.414065718650818,652.7178834952701,450,"psoriasis"
"psoriasis%20(286).jpg",185.29413859049478,181.22033898305082,379.09803502699907,316.86104208736094,"psoriasis"
"psoriasis%20(286).jpg",233.05882771809897,121.91186859648106,311.56864839441636,198.24408036571435,"psoriasis"
"psoriasis%20(283).jpg",104.3029977183605,259.85310734463275,1015.8228428296867,437.9163971809344,"psoriasis"
"psoriasis%20(283).jpg",367.5363117819949,118.42485550702628,977.4878960726683,296.4881290931486,"psoriasis"
"psoriasis%20(283).jpg",88.96902551494055,452.3999869998565,368.38818648893164,582.7525553730247,"psoriasis"
"psoriasis%20(283).jpg",516.6166602815109,447.2881355932203,732.1442758240751,550.3773881298,"psoriasis"
"psoriasis%20(283).jpg",137.52663123988458,696.9175401245806,306.20042296831514,753.9999999999999,"psoriasis"
"psoriasis%20(283).jpg",905.0774410871891,639.835015248444,1085.6776087004816,743.7762971867276,"psoriasis"
"psoriasis%20(289).jpg",92.84515320203319,95.58305708028503,141.8588177983065,140.51526047011555,"psoriasis"
"psoriasis%20(289).jpg",127.15473503918382,32.67796610169491,153.56764598396254,70.52994765804311,"psoriasis"
"psoriasis%20(289).jpg",87.1268964874078,39.758193129200045,106.73237479073661,61.81582128664868,"psoriasis"
"psoriasis%20(292).jpg",211.31356449450476,124.40678224725238,252.33050847457628,169.1525475453522,"psoriasis"
"psoriasis%20(292).jpg",190.63560356528072,151.86440419342557,228.94067279363082,214.915259409759,"psoriasis"
"psoriasis%20(292).jpg",239.44916805978548,52.54237288135593,274.7034105203919,83.72881614555746,"psoriasis"
"psoriasis%20(290).jpg",111.65885660731021,36.63372411761844,195.81256383808284,100.70774678403373,"psoriasis"
"psoriasis%20(290).jpg",52.33739193287986,184.41736583777595,105.45079925737318,221.27714180182733,"psoriasis"
"psoriasis%20(288).jpg",1698.2238479872883,1905.6813261387713,2350.3728813559323,2616.406779661017,"psoriasis"
"psoriasis%20(288).jpg",2510.481296345339,1647.9457925052968,2721.35593220339,1917.3966995497883,"psoriasis"
"psoriasis%20(288).jpg",2264.4611361228817,1132.4745762711866,2393.328753972458,1425.35593220339,"psoriasis"
"psoriasis%20(294).jpg",135.53359835985296,87.81921192751092,237.35087860751747,198.3502882618015,"psoriasis"
"psoriasis%20(294).jpg",338.4111357705378,132.86441544354972,382.3174639681708,175.2598841176868,"psoriasis"
"psoriasis%20(294).jpg",200.25758490681417,289.9547964839612,309.64492273605254,331.9717687402068,"psoriasis"
"psoriasis%20(294).jpg",128.72054942418424,225.22598870056498,188.1455043272871,254.75142398123015,"psoriasis"
"psoriasis%20(294).jpg",326.2990551910107,230.14690420721882,394.42960230265373,269.5141416215627,"psoriasis"
"psoriasis%20(294).jpg",412.97622027552745,274.8135535461081,454.6115369741839,322.8870172015691,"psoriasis"
"psoriasis%20(294).jpg",377.3969727441125,190.40112705553992,462.9385887629239,249.83050847457628,"psoriasis"
"psoriasis%20(294).jpg",274.8226694118038,187.3728813559322,306.9954141334929,208.94916987015029,"psoriasis"
"psoriasis%20(293).jpg",68.23235096553509,55.36723163841808,194.25190183161138,186.21469271385064,"psoriasis"
"psoriasis%20(296).JPG",52.12779850746269,23.077968015509136,210.85019421933305,150.75931820626985,"psoriasis"
"psoriasis%20(296).JPG",13.763621316027287,64.71864215398239,42.34869976897738,156.77966101694915,"psoriasis"
"psoriasis%20(296).JPG",90.74272770668144,165.81016566389698,194.30094431407417,219.24068179373015,"psoriasis"
"psoriasis%20(296).JPG",227.1487016820196,52.176269272626456,277.7994402985075,142.23051995746158,"psoriasis"
"psoriasis%20(296).JPG",71.18451109928871,2.5084745762711864,215.11287313432837,20.82034185377218,"psoriasis"
"psoriasis%20(297).jpg",19.810688623001113,50.48671430923614,272.15933859627603,160.12126580425274,"psoriasis"
"psoriasis%20(297).jpg",292.62794215766314,67.15116836699933,371.5782478711487,172.10797230666657,"psoriasis"
"psoriasis%20(297).jpg",119.22962020688115,167.7225902468659,282.68604453747366,202.51329238232583,"psoriasis"
"psoriasis%20(297).jpg",118.05998125585754,35.28405427140651,274.20619002881176,50.19434881368745,"psoriasis"
"psoriasis%20(295).JPG",71.18451109928871,83.28135784601761,219.3755711797458,160.29152925135725,"psoriasis"
"psoriasis%20(298).jpg",47.905532679606964,188.38710192646926,98.8116213683224,273.2619090390723,"psoriasis"
"psoriasis%20(298).jpg",432.39140295513124,149.05488155919045,499.02454219628635,264.5674245385376,"psoriasis"
"psoriasis%20(300).jpg",466.60619728209934,69.15494237679006,805.1883786316776,386.3890774634577,"psoriasis"
"psoriasis%20(301).jpg",353.53072033898303,16.978529601447327,707.5917490583804,343.4293785310735,"psoriasis"
"psoriasis%20(301).jpg",203.11261181732579,388.1909545639814,307.24823446327684,493.1491643183649,"psoriasis"
"psoriasis%20(301).jpg",261.7371115819209,521.7039430262679,733.8184439736347,683,"psoriasis"
"psoriasis%20(301).jpg",358.9303201506591,392.82148070254567,760.0451977401129,520.1604637533932,"psoriasis"
"psoriasis%20(301).jpg",878.8369821092278,220.72092161879027,955.9744585687382,553.3457980398405,"psoriasis"
"psoriasis%20(301).jpg",724.561970338983,20.83728666359422,839.4968220338982,391.2779719896909,"psoriasis"
"psoriasis%20(301).jpg",61.951035781544256,273.20001177599204,127.51789077212806,331.08136770819544,"psoriasis"
"psoriasis%20(301).jpg",22.610919844632768,524.7909604519774,136.7743938323917,659.8474576271187,"psoriasis"
"psoriasis%20(301).jpg",203.88400423728814,256.2214748145497,314.96198210922785,359.63617585607847,"psoriasis"
"psoriasis%20(299).jpg",378.1124583336384,108.17871705375782,570,214.21295178757828,"psoriasis"
"psoriasis%20(299).jpg",4.166824498127417,62.4300707854906,178.1049802399397,160.76827537839247,"psoriasis"
"psoriasis%20(302).jpg",564.3318732361242,214.23276248220668,845.6188558325495,567.9480578751213,"psoriasis"
"psoriasis%20(302).jpg",930.3902575258702,214.23276248220668,1024,382.22826622569625,"psoriasis"
"psoriasis%20(302).jpg",405.5781690968956,290.52429966468594,558.1667156632172,480.09719865874376,"psoriasis"
"psoriasis%20(303).jpg",22.140276325924297,7.502826647569903,204.94591012874122,201.63841807909603,"psoriasis"
"psoriasis%20(303).jpg",214.32055801606515,59.553675894009864,304.78592443331866,288.8587499068955,"psoriasis"
"psoriasis%20(303).jpg",327.75381890955106,146.3050883233884,427.59379745268484,316.9943431272345,"psoriasis"
"psoriasis%20(303).jpg",431.8123961542694,223.20905028089965,529.3087127255721,378.8926696777344,"psoriasis"
"psoriasis%20(303).jpg",539.1521216164173,296.36160338665803,571.4946282185299,411.24860903637557,"psoriasis"
"psoriasis%20(303).jpg",245.2568888919454,300.5819137487034,434.15605812610033,366.2316312628277,"psoriasis"
"psoriasis%20(305).jpg",216.98218848846065,24.843965010209516,578.6691567332474,421.59816690566964,"psoriasis"
"psoriasis%20(305).jpg",162.9990582166706,91.36921982171158,301.5557729762184,350.8776556201254,"psoriasis"
"psoriasis%20(304).jpg",144.93909011740718,108.775863118691,568.9316010408124,285.9243886966516,"psoriasis"
"psoriasis%20(306).jpg",787.3210899398531,503.53899396476095,1027.7982708000047,742.4339201329118,"psoriasis"
"psoriasis%20(306).jpg",692.8479507476625,699.5186658956236,883.2256188212522,868.3187095512777,"psoriasis"
"psoriasis%20(306).jpg",1212.4502709087274,1049.99324216681,1355.5914239902384,1163.0034334861625,"psoriasis"
"psoriasis%20(306).jpg",402.27136630898207,577.9254455566406,542.549740012076,636.5762711864406,"psoriasis"
"psoriasis%20(307).jpg",95.10122926635171,113.58085160905665,256.02343744279744,275.9433625069532,"psoriasis"
"psoriasis%20(309).jpg",127.66509865814785,90.95368095441053,257.8537779034309,250.9717514124294,"psoriasis"
"psoriasis%20(309).jpg",297.0990666803324,203.79661016949152,354.0801929977705,223.04406203792593,"psoriasis"
"psoriasis%20(309).jpg",347.2877286515146,138.12882219734837,386.15569348605175,160.39548022598868,"psoriasis"
"psoriasis%20(310).jpg",218.12379343629343,281.1299641927083,437.1385066794612,552.3163703875352,"psoriasis"
"psoriasis%20(310).jpg",91.42109073359073,517.0621882724223,447.093705225175,605.6497175141243,"psoriasis"
"psoriasis%20(310).jpg",288.7153268467966,163.61582265735348,403.65275096525096,278.4180721994174,"psoriasis"
"psoriasis%20(310).jpg",224.4589699999246,597.5141105005297,382.837348378303,665.3107206700212,"psoriasis"
"psoriasis%20(311).jpg",168.77226324537256,71.453340407433,217.9568976247657,164.70670914542728,"psoriasis"
"psoriasis%20(311).jpg",304.32991521204315,84.64673684276025,351.11526732368793,149.71420539730133,"psoriasis"
"psoriasis%20(311).jpg",152.57731958762886,122.42785315106119,172.67105402852624,162.30792227177426,"psoriasis"
"psoriasis%20(308).jpg",70.03806033934403,18.510976526622393,373.1465856807749,259.8707628655366,"psoriasis"
"psoriasis%20(308).jpg",35.60356138706655,259.020885056882,443.71602624179945,360.15404250061204,"psoriasis"
"psoriasis%20(308).jpg",380.3735642723649,74.6016313266484,559.347878310428,291.31552855624017,"psoriasis"
"psoriasis%20(314).jpg",93.67057531020221,155.36723163841808,216.77645335477942,283.61582351943196,"psoriasis"
"psoriasis%20(314).jpg",147.3176556755515,335.5932289597678,204.9176384420956,369.49153404451357,"psoriasis"
"psoriasis%20(314).jpg",103.27057961856619,414.68927415750795,135.45884076286765,442.9378617281294,"psoriasis"
"psoriasis%20(314).jpg",154.65880629595588,403.38983912925937,221.29411764705884,431.6384266998808,"psoriasis"
"psoriasis%20(315).jpg",257.2296102536317,57.86516853932584,320.5698384049906,165.37079200316012,"psoriasis"
"psoriasis%20(317).jpg",99.14050847092999,251.7322156227241,401.94427123534507,385.88251034149346,"psoriasis"
"psoriasis%20(316).jpg",44.50609916822867,45.9,172.14620431115276,291.6599945068359,"psoriasis"
"psoriasis%20(316).jpg",231.64761744376756,92.94000549316407,425.50704369728203,226.85999450683596,"psoriasis"
"psoriasis%20(316).jpg",441.34207327788187,172.14000549316407,547.8688056466729,241.7399871826172,"psoriasis"
"psoriasis%20(316).jpg",507.56143099812556,4.619998168945313,538.7516840440487,43.019998168945314,"psoriasis"
"psoriasis%20(318).jpg",277.56327063320055,130.57499313354492,419.1190253045923,255.3749885559082,"psoriasis"
"psoriasis%20(318).jpg",292.55858459758673,262.5749931335449,401.124648547329,329.1749839782715,"psoriasis"
"psoriasis%20(318).jpg",122.21180880974696,118.57499313354492,213.9831256955834,169.57499313354492,"psoriasis"
"psoriasis%20(318).jpg",137.8069490613285,203.17500686645508,255.97002767689787,259.5749931335449,"psoriasis"
"psoriasis%20(318).jpg",189.99062335256562,276.3750114440918,288.3599149923852,328.5749931335449,"psoriasis"
"psoriasis%20(320).jpg",11.154263297083675,17.071459725179384,348,208.86544616437263,"psoriasis"
"psoriasis%20(322).jpg",44.49768765887601,123.79321810619979,344.14835374972773,191.39661463505803,"psoriasis"
"psoriasis%20(322).jpg",28.11053540350584,4.389830508474576,147.79523912224292,83.99209262826348,"psoriasis"
"psoriasis%20(322).jpg",227.9751834544883,28.387572854252184,330.9801117837542,119.11073669606009,"psoriasis"
"psoriasis%20(322).jpg",149.8436233866643,50.62938188024833,176.18010731861136,133.743505057642,"psoriasis"
"psoriasis%20(322).jpg",6.748722891275734,67.89604743052337,155.11092910333934,128.76836158192089,"psoriasis"
"psoriasis%20(322).jpg",333.32114150799066,25.16836269831253,387,127.89039771300925,"psoriasis"
"psoriasis%20(322).jpg",139.30903427902828,207.78531073446328,139.30903427902828,207.78531073446328,"psoriasis"
"psoriasis%20(322).jpg",125.26290058503754,196.66442017636055,211.2954192278741,224.1740068338685,"psoriasis"
"psoriasis%20(322).jpg",229.73096691052268,201.9322033898305,269.8209390766454,223.88135593220338,"psoriasis"
"psoriasis%20(322).jpg",149.2583771184622,9.072317500572419,175.59486105040926,26.92429601809399,"psoriasis"
"psoriasis%20(321).jpg",502.64606961206266,231.3966228248036,817.8204334197912,474.40455773994745,"psoriasis"
"psoriasis%20(321).jpg",355.0118003219619,461.13445062152414,505.96370714998386,587.2000253106241,"psoriasis"
"psoriasis%20(321).jpg",122.77802692956233,57.22711548023978,209.86568008696102,170.0225988700565,"psoriasis"
"psoriasis%20(319).jpg",314.84538599387884,198.12726801091975,880.6186322084407,526.1757780132872,"psoriasis"
"psoriasis%20(326).jpg",45.20181367254585,174.32203023447155,191.74548393751152,297.7401129943503,"psoriasis"
"psoriasis%20(326).jpg",419.0083052735334,82.5988737203307,579.0051796026858,209.3785420649469,"psoriasis"
"psoriasis%20(327).jpg",11.059046908863928,3.7368528529575893,241.98689054079782,418.3288757324219,"psoriasis"
"psoriasis%20(327).jpg",327.46019157831535,103.4488614327567,686.5979724658798,554.7768528529576,"psoriasis"
"psoriasis%20(327).jpg",88.28492240583998,467.06030430385044,651.3589503280225,636.4957214355469,"psoriasis"
"psoriasis%20(327).jpg",707.5913776944705,146.9322842843192,937.7694241667643,495.5494128417969,"psoriasis"
"psoriasis%20(327).jpg",249.48454752299085,217.40542428152904,378.4442247356783,465.5608414132255,"psoriasis"
"psoriasis%20(325).jpg",229.8745903403072,123.091528941009,364.952535338321,255.40339686506888,"psoriasis"
"psoriasis%20(324).jpg",508.45195112309295,44.786437514138086,1050.8835687376666,677.6022978529419,"psoriasis"
"psoriasis%20(323).jpg",95.5614406779661,282.1525664248709,541.6462345446571,445.55933806855796,"psoriasis"
"psoriasis%20(332).jpg",63.996562877223035,58.29378386675301,332.7335925843574,276.7062089133397,"psoriasis"
"psoriasis%20(332).jpg",139.697124254223,6.435027526596845,387.238012947185,71.16384613985396,"psoriasis"
"psoriasis%20(330).jpg",110.29660499702065,117.28814335192664,165.55085263009798,179.32203907077593,"psoriasis"
"psoriasis%20(330).jpg",0.8050821595272775,31.52542760816671,66.22880838685116,90.8474550408832,"psoriasis"
"psoriasis%20(330).jpg",165.55085263009798,214.915259409759,196.39830508474574,249.15254237288133,"psoriasis"
"psoriasis%20(329).jpg",16.683702992386184,112.80225699904275,214.64070586279576,248.31637840486516,"psoriasis"
"psoriasis%20(329).jpg",139.697124254223,257.77965524102336,238.10787281468367,314.5593162579725,"psoriasis"
"psoriasis%20(329).jpg",179.06142945390286,76.4632797241211,357.7148057055336,221.81920326362223,"psoriasis"
"psoriasis%20(329).jpg",297.53284215652553,45.04519629613154,429.63032385300767,127.56497463937532,"psoriasis"
"psoriasis%20(331).JPG",213.68927373769915,672.4281005859375,845.1718493732428,1200.3589841993594,"psoriasis"
"psoriasis%20(331).JPG",924.1071820817714,819.0755826003259,1706.6947267455485,1340.2382241667601,"psoriasis"
"psoriasis%20(331).JPG",1945.7559856783037,796.5144315211893,2814.044817537488,1152.9806013587568,"psoriasis"
"psoriasis%20(331).JPG",1968.3089378807404,1180.0539138025515,2313.3690033388,1245.4812863576324,"psoriasis"
"psoriasis%20(328).jpg",266.0168605757966,273.43125915527344,701.4807689491565,506.2312774658203,"psoriasis"
"psoriasis%20(328).jpg",1211.3215352624181,63.431236267089844,1284.4985575796627,183.43125915527344,"psoriasis"
"psoriasis%20(328).jpg",1412.8585915534209,31.03125,1530.4217065955952,229.03125,"psoriasis"
"psoriasis%20(328).jpg",1391.2653028350517,267.43125915527344,1475.239061035614,431.8312683105469,"psoriasis"
"psoriasis%20(337).jpg",195.38894553215792,87.50744187662065,578.0693533270853,292.51257465503835,"psoriasis"
"psoriasis%20(337).jpg",450.90910921391753,380.62881854456714,607.460223611762,514.9011923635107,"psoriasis"
"psoriasis%20(337).jpg",533.683214840089,300.9046065936401,673.439605055061,461.55189546764404,"psoriasis"
"psoriasis%20(337).jpg",590.6654079047563,7.183797439618668,710.6279653819118,158.83964475539335,"psoriasis"
"psoriasis%20(337).jpg",52.63356116740862,26.365568394674536,242.174320524836,127.06984875888227,"psoriasis"
"psoriasis%20(337).jpg",102.41799895296393,395.61457353032216,222.38053354908624,520.2960733049616,"psoriasis"
"psoriasis%20(337).jpg",294.9578439843018,351.85615067875966,370.5342172123946,395.61457353032216,"psoriasis"
"psoriasis%20(337).jpg",621.8556884079194,181.01856670760023,673.439605055061,226.5752527177164,"psoriasis"
"psoriasis%20(337).jpg",410.1218369259607,2.388354700854701,491.09653233364577,59.3342293633355,"psoriasis"
"psoriasis%20(333).jpg",299.2344868786472,167.74238366595768,437.7436191849516,251.6135665117684,"psoriasis"
"psoriasis%20(334).jpg",111.30942276205988,87.06214689265536,187.38851012012094,163.14690131925593,"psoriasis"
"psoriasis%20(334).jpg",183.9819784329171,56.40112849952138,236.2153584192902,114.31638706875387,"psoriasis"
"psoriasis%20(334).jpg",119.25797744721689,169.5819180159919,215.39770006996199,236.2033956064343,"psoriasis"
"psoriasis%20(334).jpg",148.7811991276073,240.7457569359386,247.57044479165103,330.07911337297514,"psoriasis"
"psoriasis%20(334).jpg",270.28061753637274,70.78531362242617,383.83151013745913,148.00565838140284,"psoriasis"
"psoriasis%20(334).jpg",337.6541415633716,155.19774011299435,381.1820015348994,230.90395480225988,"psoriasis"
"psoriasis%20(334).jpg",292.2337960739282,232.418084871971,357.33627972447255,318.7231811695853,"psoriasis"
"psoriasis%20(334).jpg",276.3366867036142,9.84180935358597,303.58888244628906,41.25988556166827,"psoriasis"
"psoriasis%20(334).jpg",179.81845253854704,10.220338261060123,211.23417417559193,45.42372881355932,"psoriasis"
"psoriasis%20(335).jpg",474.7420090895433,378.1423843297581,1094.6294272818216,913.8440906934145,"psoriasis"
"psoriasis%20(336).jpg",188.72937852245266,399.1864406779661,547.5937853021137,938.3773834745764,"psoriasis"
"psoriasis%20(336).jpg",292.91581920041875,86.77966101694915,568.4311087656829,417.69946151129943,"psoriasis"
"psoriasis%20(336).jpg",45.18368646654032,470.9243026129943,170.20736228813558,624.8135593220338,"psoriasis"
"psoriasis%20(336).jpg",561.4853637178065,539.1909869350283,676.0904661275573,713.90739759887,"psoriasis"
"psoriasis%20(340).jpg",25.010754781126288,13.627120088049248,181.71096693394048,314.5593162579725,"psoriasis"
"psoriasis%20(340).jpg",4.95010507770326,131.72881067135913,203.28561949043493,241.8813617081292,"psoriasis"
"psoriasis%20(338).jpg",301.69387993785,133.31864659799695,562.8422522866427,501.4372780147919,"psoriasis"
"psoriasis%20(342).jpg",201.36340503961267,116.90848696433892,398.23097766285207,376.7050764870509,"psoriasis"
"psoriasis%20(342).jpg",3.954933703785211,48.71186440677966,158.09579940580986,219.20338983050846,"psoriasis"
"psoriasis%20(342).jpg",321.97183098591546,385.9062312066892,419.8647804797535,435.7005649717514,"psoriasis"
"psoriasis%20(339).jpg",497.3987787681335,278.8587570621469,701.5418934507783,485.36498325153934,"psoriasis"
"psoriasis%20(344).jpg",45.09566638344213,6.981920544037037,162.48063022929028,45.099437907590705,"psoriasis"
"psoriasis%20(344).jpg",73.21521093612327,130.58079959847834,148.13777596609935,159.6406750867596,"psoriasis"
"psoriasis%20(344).jpg",171.53928260516403,81.51864550746767,200.41371005639098,109.82373745158567,"psoriasis"
"psoriasis%20(343).jpg",502.39925023430175,160.90828025471623,569.9981592208733,299.80406611626137,"psoriasis"
"psoriasis%20(343).jpg",348.0974695407685,30.096378260748303,411.28771137498535,119.01907276995306,"psoriasis"
"psoriasis%20(343).jpg",513.4208059981255,10.254133149864902,586.1630852510689,117.54928462307592,"psoriasis"
"psoriasis%20(345).jpg",386.6541568430764,195.86248970031738,532.4086497627695,303.8624897003174,"psoriasis"
"psoriasis%20(345).jpg",305.6794957569412,342.5624828338623,379.45644732603097,387.5624828338623,"psoriasis"
"psoriasis%20(345).jpg",486.5230027603679,580.1625308990479,566.5979244157099,651.2624759674072,"psoriasis"
"psoriasis%20(345).jpg",505.41708462687444,365.0624828338623,594.4892633039481,459.5625171661377,"psoriasis"
"psoriasis%20(347).jpg",171.261480787254,15.221709138603622,467.26897844423615,257.50126828429524,"psoriasis"
"psoriasis%20(347).jpg",326.31302717900655,279.4754704301075,536.6193236732662,361.73782742408014,"psoriasis"
"psoriasis%20(347).jpg",86.12409482632381,172.98516074560024,141.94263862245197,234.40020161290326,"psoriasis"
"psoriasis%20(346).jpg",259.422993173258,227.66666666666669,417.5547904896422,468.4531426726088,"psoriasis"
"psoriasis%20(346).jpg",431.4395597928437,355.77741879393153,582.6290018832392,641.3254119528216,"psoriasis"
"psoriasis%20(346).jpg",286.4210805084746,39.35932497789631,530.1755532015065,212.2316384180791,"psoriasis"
"psoriasis%20(346).jpg",745.3890654425612,275.51526012528416,863.4094868173258,443.7570621468927,"psoriasis"
"psoriasis%20(349).jpg",73.04592829724842,52.12079166026598,289.20336708133203,145.828658543276,"psoriasis"
"psoriasis%20(349).jpg",136.0262383672827,31.896072559142382,275.7075845133845,55.49157817711991,"psoriasis"
"psoriasis%20(352).jpg",236.2781747891284,307.3448078058259,302.30552952202436,374.95273395570746,"psoriasis"
"psoriasis%20(352).jpg",324.5705834114339,372.6479239531347,555.6663542642924,430.268291246452,"psoriasis"
"psoriasis%20(352).jpg",536.4723523898782,297.35724894926165,700.7730201499533,374.9527339557075,"psoriasis"
"psoriasis%20(352).jpg",710.7539245548267,252.79748143960666,820.5435801312091,319.63714735771373,"psoriasis"
"psoriasis%20(351).jpg",268.04244563264666,123.41017237086754,323.89151375248747,172.4723192635229,"psoriasis"
"psoriasis%20(351).jpg",214.0801987558041,59.25198028047206,281.6273743251585,110.57852819410421,"psoriasis"
"psoriasis%20(351).jpg",335.2122684694686,161.15028536521783,374.83490997890254,207.57062146892656,"psoriasis"
"psoriasis%20(348).jpg",274.72674652415407,268.7909604519774,450.87722074951864,462.60340062373103,"psoriasis"
"psoriasis%20(350).jpg",577.7710941421938,483.0644361851579,1018.5743462129769,652.6508376557948,"psoriasis"
"psoriasis%20(350).jpg",13.59441672941767,461.2237484172239,131.8273092369478,565.2881355932203,"psoriasis"
"psoriasis%20(350).jpg",485.24101287964356,625.6711962425103,616.3253110096637,718.1729009595969,"psoriasis"
"psoriasis%20(350).jpg",1062.2691449391316,493.3423924850205,1154.799226201682,606.4000098018323,"psoriasis"
"psoriasis%20(350).jpg",746.1244881871235,409.8339179087493,990.3011950144327,543.4474478252863,"psoriasis"
"psoriasis%20(350).jpg",202.51004016064257,301.91525423728814,376.00401606425703,387.99323014081534,"psoriasis"
"psoriasis%20(357).jpg",161.27120195809056,199.3220442432468,666.3559735831568,379.66101694915255,"psoriasis"
"psoriasis%20(357).jpg",273.8135903568591,144.40677448854606,604.6610169491526,227.1186440677966,"psoriasis"
"psoriasis%20(357).jpg",168.7288187317929,385.7627222093485,415.5084642313294,480.67797644663665,"psoriasis"
"psoriasis%20(356).jpg",155.60925689633288,90.4406759833212,503.9531120764135,399.7062226203875,"psoriasis"
"psoriasis%20(356).jpg",28.22982180293501,36.903956785040386,196.16273188241124,231.819220936231,"psoriasis"
"psoriasis%20(355).jpg",112.94069080641775,43.20452290335618,215.22402831279868,164.88814393814002,"psoriasis"
"psoriasis%20(355).jpg",180.21798022588095,24.063279965503067,253.78538777611473,70.0022661456954,"psoriasis"
"psoriasis%20(354).jpg",70.11741973840667,139.38191727460443,201.3897073679957,317.29606697384247,"psoriasis"
"psoriasis%20(353).jpg",500.0919256120527,219.94915254237287,734.589865819209,418.28930086469916,"psoriasis"
"psoriasis%20(353).jpg",626.5973987758945,469.22488230904617,746.1604872881355,584.987594173453,"psoriasis"
"psoriasis%20(353).jpg",564.8874176082862,33.18531220646228,657.4523893596986,137.3717602444234,"psoriasis"
"psoriasis%20(359).jpg",153.3857685289885,76.86554256805593,223.29903558028374,143.26101305255781,"psoriasis"
"psoriasis%20(362).jpg",61.991537492827504,116.27119247522731,273.17795403259623,337.7401190288996,"psoriasis"
"psoriasis%20(362).jpg",434.53389830508473,132.09040151477532,660.7486358470162,336.15819209039546,"psoriasis"
"psoriasis%20(361).jpg",70.67798679157839,136.04520808505472,333.2768499514478,243.16385560116527,"psoriasis"
"psoriasis%20(361).jpg",254.18080475370763,268.4745831678143,336.89264847060383,335.8192228328037,"psoriasis"
"rosacea%20(10).jpg",99.46823508052502,51.203388602046644,268.53603169069453,183.88135101835604,"Rosacea"
"Rosacea%20(1).jpg",110.27967549986758,195.52542734954315,214.68645516088452,296.6101694915254,"Rosacea"
"Rosacea%20(1).jpg",26.279671879137975,168.47457627118644,98.88983774993379,246.77966101694915,"Rosacea"
"psoriasis%20(363).jpg",13.771789738271096,50.92203278191345,144.28369453588823,160.37515017407088,"psoriasis"
"psoriasis%20(363).jpg",196.95666239978235,99.21017395709194,260.1642193713125,163.8870056497175,"psoriasis"
"psoriasis%20(363).jpg",279.7702819160793,159.2045242395778,363.4617931603934,192.5672405695511,"psoriasis"
"rosacea%20(11).jpg",118.7902689788301,60.220341439974504,282.0614455918134,204.16949643927103,"Rosacea"
"rosacea%20(11).jpg",3.5021235579151218,118.8305133884236,74.34958118503377,170.67796610169492,"Rosacea"
"rosacea%20(11).jpg",298.8072230452198,55.06779783863132,359.99366372318593,161.01694915254237,"Rosacea"
"rosacea%20(11).jpg",112.02753745903402,7.084745148480948,278.197048639847,57.00000245692366,"Rosacea"
"rosacea%20(12).jpg",243.1885735463288,322.5423942177983,602.0868786310746,712.2034040548034,"Rosacea"
"rosacea%20(13).jpg",516.3241952152575,212.5423657692085,998.2733904305151,438.135593220339,"Rosacea"
"rosacea%20(13).jpg",218.95126407429322,327.2034111669508,372.76485895706435,497.7966243937864,"Rosacea"
"rosacea%20(13).jpg",618.8665680966135,24.237291691666943,1031.832627118644,253.55932914604574,"Rosacea"
"rosacea%20(17).jpg",121.90586712788816,46.4858771717481,298.5862512156797,216.29379703500177,"Rosacea"
"rosacea%20(17).jpg",6.67952967932849,41.10734756383519,104.62191651060422,133.69491232317046,"Rosacea"
"rosacea%20(17).jpg",26.65209776743613,247.41243524066473,177.598596894692,328.09040134235966,"Rosacea"
"rosacea%20(17).jpg",309.3407210989744,48.0225988700565,350,167.1186440677966,"Rosacea"
"rosacea%20(17).jpg",47.77692629967207,4.225990166098384,193.73030171963416,98.35029127907619,"Rosacea"
"rosacea%20(17).jpg",196.41890453867134,227.05084159549347,265.55470700780717,324.2485934327551,"Rosacea"
"rosacea%20(14).jpg",9.492142514395393,41.25988556166827,156.72975381276427,194.1864377900032,"Rosacea"
"rosacea%20(14).jpg",339.16815885518196,23.09039692420744,471.64416653272514,176.3954888898774,"Rosacea"
"rosacea%20(14).jpg",205.9351280929946,14.762714030378955,315.322465922233,133.62146603859077,"Rosacea"
"rosacea%20(16).jpg",467.9858743512589,110.73447620801333,714.4875893744479,336.72315522102315,"Rosacea"
"rosacea%20(16).jpg",127.6325347145539,633.8982878431763,325.5123933717977,802.2598870056498,"Rosacea"
"rosacea%20(16).jpg",63.18018613350265,162.71186009638728,151.37810049966873,279.0960538185249,"Rosacea"
"rosacea%20(16).jpg",266.7137550380963,122.03391123626193,353.7809446085468,231.63841807909608,"Rosacea"
"rosacea%20(15).jpg",0.1453478538383872,62.786443634895285,82.69788726979057,209.28813559322035,"Rosacea"
"rosacea%20(15).jpg",243.15213047178452,100.7683615819209,341.9826389463608,257.3468985692256,"Rosacea"
"rosacea%20(2).jpg",496.49720272775426,809.9434890316031,1051.5253961423023,1294.4632492496469,"Rosacea"
"rosacea%20(21).jpg",90.8163110363003,25.428814315795897,424.0871820566022,181.0808088684082,"Rosacea"
"rosacea%20(21).jpg",308.8706654170572,0,517.8791438695305,94.9248161315918,"Rosacea"
"rosacea%20(19).jpg",28.27053140096618,127.31187348446603,577.016406957654,555.6508565353134,"Rosacea"
"rosacea%20(18).jpg",162.93721327670787,138.03954802259886,349.95117471384447,309.9378531073446,"Rosacea"
"rosacea%20(20).JPG",111.98279908798283,195.49831765384997,552.5665152226395,412.9627370026152,"Rosacea"
"rosacea%20(25).jpg",134.51977745961335,160.90396514720163,473.9548160531427,331.7514193260064,"Rosacea"
"rosacea%20(25).jpg",280.50847457627117,31.638418079096045,439.15253547625355,165.42373915850106,"Rosacea"
"rosacea%20(22).jpg",33.42152588942955,57.41017137947729,311.62229594965095,327.63392096050717,"Rosacea"
"rosacea%20(22).jpg",337.8583263821072,118.77966101694915,637.8399657910811,299.91863651598914,"Rosacea"
"rosacea%20(24).jpg",68.47457885742188,70.84746279958951,120.00000517247086,142.71187216548594,"Rosacea"
"rosacea%20(24).jpg",153.89831025721662,36.61017337087857,244.06779661016947,91.86441453836731,"Rosacea"
"rosacea%20(24).jpg",261.69493077164987,40.33898175772974,334.23730882547665,137.28813559322032,"Rosacea"
"rosacea%20(23).jpg",260.6961429915334,261.24068972485213,748.5170214016933,579.5073799090196,"Rosacea"
"rosacea%20(26).jpg",51.84747728250795,201.8079096045198,760.0000000000001,596.8361581920905,"Rosacea"
"rosacea%20(29).jpg",101.42080599812557,128.8812149888486,263.20826224958995,232.9159654926179,"Rosacea"
"rosacea%20(29).jpg",19.798316733906397,154.16068447412354,103.85004686035614,204.7196234446734,"Rosacea"
"rosacea%20(29).jpg",120.36889213697867,292.22546651645973,232.1139717995841,334.0338063439065,"Rosacea"
"rosacea%20(29).jpg",260.7790213873594,20.95734743045049,308.87799787297917,121.10292524487429,"Rosacea"
"rosacea%20(27).jpg",87.91628295440388,54.020337552000576,182.85061405031587,120.42034756935249,"Rosacea"
"rosacea%20(27).jpg",251.14328552589632,10.128812843796897,311.55606640212756,76.90395480225989,"Rosacea"
"rosacea%20(27).jpg",334.8205952885898,23.25875992424744,447.76618055733684,127.54802259887006,"Rosacea"
"rosacea%20(28).jpg",40.15086994427408,37.47457482720499,382.69598994923183,195.70056785971434,"Rosacea"
"rosacea%20(28).jpg",301.3178709473125,0,386.10249275895774,116.96610747084105,"Rosacea"
"rosacea%20(30).jpg",183.9819784329171,119.99435317044878,362.25682870348675,251.7231638418079,"Rosacea"
"rosacea%20(3).jpg",32.71186440677966,20.610170526019598,159.62712692002117,97.35593634136653,"Rosacea"
"rosacea%20(3).jpg",177.79661016949152,37.1525444418697,298.2034146583686,120.13559115135064,"Rosacea"
"rosacea%20(3).jpg",117.86441091763771,197.96610169491524,264.03390658103814,239.45763539459745,"Rosacea"
"rosacea%20(31).jpg",178.67067283051193,11.720621405141381,377.8684235334173,135.20109626884653,"Rosacea"
"rosacea%20(31).jpg",330.7411656330541,1.9977499527206803,407.01931388018386,115.26919866444074,"Rosacea"
"rosacea%20(32).jpg",95.10478346305354,46.722953070384236,593.5850195129451,129.8535058430718,"Rosacea"
"rosacea%20(32).jpg",133.00093720712277,1.5116045256090882,567.3492478546743,64.71026896634365,"Rosacea"
"rosacea%20(32).jpg",79.07179747905927,117.2137803728871,199.56215907260423,177.98172695051647,"Rosacea"
"rosacea%20(33).jpg",47.22211471314506,129.09293990695375,543.5520149953139,320.65511418208695,"Rosacea"
"rosacea%20(33).jpg",267.9606575505579,22.03048078651756,501.0853263476013,157.40698677216014,"Rosacea"
"rosacea%20(33).jpg",191.43205923350368,100.33649291554973,266.6335587649001,165.3703071790985,"Rosacea"
"rosacea%20(35).jpg",5.222871560523078,68.5994231107836,187.4159547614515,243.61110925435622,"Rosacea"
"rosacea%20(35).jpg",211.22248555749178,57.41811537702812,440.5428451924203,243.61110925435622,"Rosacea"
"rosacea%20(35).jpg",478.4389804028526,107.49090892046641,639.7405958953257,266.94601557609036,"Rosacea"
"rosacea%20(34).jpg",196.64704038410846,37.97237247218672,614.4765057550375,250.90326284367174,"Rosacea"
"rosacea%20(34).jpg",62.067111443445405,35.54165460908154,234.54321266181466,113.32463550089994,"Rosacea"
"rosacea%20(37).jpg",97.38306077860169,49.030513440148304,254.020358845339,153.6000066207627,"Rosacea"
"rosacea%20(37).jpg",129.05763373940678,3.471187268273305,254.67117981991527,65.95254568326271,"Rosacea"
"rosacea%20(38).jpg",205.02905342080598,40.87912913004557,598.5765533018246,380.2951229349772,"Rosacea"
"rosacea%20(38).jpg",35.59250647304431,20.308456268310547,190.4131167696923,118.28980199178059,"Rosacea"
"rosacea%20(36).jpg",393.90142805104847,37.486227045075125,620.7925468237464,207.63647746243743,"Rosacea"
"rosacea%20(36).jpg",245.71773545498476,9.776048969147798,373.9816233269388,82.21143943519147,"Rosacea"
"rosacea%20(36).jpg",332.6845286690194,118.18607122711029,463.37769447047793,270.34900574851315,"Rosacea"
"rosacea%20(36).jpg",376.4108641891694,20.4712020033389,488.64178461076614,105.06019105736124,"Rosacea"
"rosacea%20(4).jpg",21.901635341956965,37.224860757084215,148.59015793096822,131.3355992204052,"Rosacea"
"rosacea%20(39).jpg",220.6779661016949,186.03389416710803,506.50845802436436,353.08473748675846,"Rosacea"
"rosacea%20(39).jpg",100.27118230270126,221.83051675052965,247.7966101694915,333.01695742849574,"Rosacea"
"rosacea%20(40).jpg",47.014121362718484,174.80225988700565,304.4152659615554,317.3333274711997,"Rosacea"
"rosacea%20(40).jpg",226.0423787434896,71.07344632768361,340,212.06781419657045,"Rosacea"
"rosacea%20(40).jpg",6.675138311871028,236.6553613695048,93.88418079096046,337.31074618754417,"Rosacea"
"rosacea%20(43).jpg",81.71586586112407,10.284746719618974,293.09497799090485,131.6949152542373,"Rosacea"
"rosacea%20(43).jpg",10.00242728617654,27.593220338983052,95.75765307981577,112.37965910313494,"Rosacea"
"rosacea%20(42).jpg",323.8028350515464,193.89836590699474,745.3031279287723,484.080178231904,"Rosacea"
"rosacea%20(41).jpg",149.32914291996764,50.72919893334997,304.2607479077583,222.94717392619475,"Rosacea"
"rosacea%20(41).jpg",0,41.03847728386543,32.577136367754946,111.64231172541982,"Rosacea"
"rosacea%20(41).jpg",93.99644494525941,79.24761152759041,152.09577834639686,141.2682343091108,"Rosacea"
"rosacea%20(41).jpg",232.60488614169034,14.735089949550263,322.2438781795484,75.09444510638275,"Rosacea"
"rosacea%20(44).jpg",249.32202700167727,306.89266226385945,460.84749900688564,380.5649924412959,"Rosacea"
"rosacea%20(44).jpg",253.8418010129767,61.920907403116175,476.66670804643365,160.45197740112997,"Rosacea"
"rosacea%20(44).jpg",373.1638418079096,17.17514210501633,473.5028110655014,89.94350110070181,"Rosacea"
"rosacea%20(49).jpg",32.95876288659794,16.733349988060276,233.0824742268041,62.09101349767977,"Rosacea"
"rosacea%20(49).jpg",68.24124145507812,6.105612037825758,215.8206359234053,25.8428412110266,"Rosacea"
"rosacea%20(47).jpg",6.140583470924613,95.3357286150746,171.1490111275041,368.29200828692353,"Rosacea"
"rosacea%20(47).jpg",152.2549155323776,52.46961121726314,310.96532333645735,145.76644647817977,"Rosacea"
"rosacea%20(47).jpg",559.7375820056233,39.23154537347402,833.701968134958,292.0155090433926,"Rosacea"
"rosacea%20(46).jpg",57.912461943121414,17.6352258162065,441.8330246300594,80.25340617786755,"Rosacea"
"rosacea%20(46).jpg",62.49203373945642,89.03522144664419,188.4301780693533,163.87159382213247,"Rosacea"
"rosacea%20(46).jpg",307.49898654183386,82.92613636363637,439.5432168948058,168.07158799604937,"Rosacea"
"rosacea%20(45).jpg",238.63346293821172,71.69491234472243,697.7860402252714,425.5932436151019,"Rosacea"
"rosacea%20(45).jpg",276.0063559322034,442.37288135593224,568.125023276119,645.2542256500761,"Rosacea"
"rosacea%20(48).jpg",145.89414946886959,91.07344352592857,663.118650475327,489.15253116586115,"Rosacea"
"rosacea%20(48).jpg",352.3431178501674,4.406782462772004,658.7104984205596,226.9491637493931,"Rosacea"
"rosacea%20(6).jpg",213.88371165562955,38.988704896916104,282.77122409696085,272.54237288135596,"Rosacea"
"rosacea%20(6).jpg",41.66488723608445,173.36722875045518,267.63110893381304,283.5197797872253,"Rosacea"
"rosacea%20(6).jpg",80.27218378985911,126.05084456966422,233.56584981673052,193.05084745762713,"Rosacea"
"rosacea%20(6).jpg",117.36546305182341,85.92655656027928,251.35547358243798,131.72881067135913,"Rosacea"
"rosacea%20(5).jpg",75.35164924958389,49.587572065450374,408.05567129651325,163.90395191429698,"Rosacea"
"rosacea%20(5).jpg",313.0514544232564,247.5593278098241,363.01382291065295,322.1299377268991,"Rosacea"
"rosacea%20(5).jpg",349.76622214289864,166.9322120537192,403.135122317499,217.2768419341179,"Rosacea"
"rosacea%20(5).jpg",162.78582298000578,8.327682893828484,342.9531876459689,63.5932246709274,"Rosacea"
"rosacea%20(51).jpg",359.15883142469517,273.6949152542373,786.303035006222,559.8305084745763,"Rosacea"
"rosacea%20(51).jpg",119.46042103097757,243.00790327686374,226.4538044978941,508.40906485864673,"Rosacea"
"rosacea%20(51).jpg",43.98443597763019,393.954802259887,139.36615134049543,490.16269920909474,"Rosacea"
"rosacea%20(51).jpg",606.3218471803945,595.4938106213586,752.2973926195439,694.1898684744108,"Rosacea"
"rosacea%20(50).jpg",541.2694511852046,766.9785580392612,1007.7705601659316,1141.6316114522645,"Rosacea"
"rosacea%20(50).jpg",217.89934972419596,150.21468926553675,797.4917408150276,379.95480225988706,"Rosacea"
"rosacea%20(50).jpg",101.27402192331367,740.47008346299,725.0425908172724,964.9084476104565,"Rosacea"
"rosacea%20(50).jpg",277.97900276622556,1228.225988700565,608.417330423991,1443.828329485015,"Rosacea"
"rosacea%20(7).jpg",36.218869731800766,47.498303623522744,451.92768199233717,128.70509351310085,"Rosacea"
"rosacea%20(9).jpg",42.86467822288506,17.3046966697711,287.8738592088837,161.34648733977184,"Rosacea"